Код схемы;Наименование схемы;Код ЛС;Кол-во льготников (Льготники);Код схемы;Итого начислено;Входящее сальдо;Кол-во человек (всех) (Проживающие);Краткое наименование категории жилого фонда;Краткое наименование (типа объекта лс);Лицевой счёт (Номер ЛС);Дата открытия ЛС (Период действия);Дата закрытия ЛС (Период действия);Код дома;Адрес дома;Номер квартиры;Код обслуживающей организации;Краткое наименование поставщика или обслуживающей организации;Контактный телефон;Телефон;ФИО плательщиков (краткое) (Плательщик ФИО);Адрес ЛС запросом (Адрес);Наличие ЧУП (0 – нет, 1 – есть) (ЧУП);ID доп. информации 1;Доп. информация 1;ID доп. информации 2;Доп. информация 2;ID признака уникальности ЛС;Наименование типа уникальности;Уникальный единый номер ЛС (УЕН ЛС);Код категории жилого фонда;Наименование категории жилого фонда (категория жилого фонда);Код типа собственности;Наименование типа собственности (тип собственности);Кол-во комнат;Общая площадь ЛС (Площадь);id типа объекта лс;Полное наименование (типа объекта лс);Нераспределённый остаток оплаты в текущем периоде (Нерасп. остаток оплаты);Субсидия (сумма субсидии);Распределенная оплата;В т.ч. Списано (списание задолженности);Исходящее сальдо
MN7000;Минск РИЦ;363561;0;MN7000;83,11;93,95;2;жилфонд граждан;кв.;6400110951;01.07.2016;01.01.2100;5238;ул. Голодеда, д.5Б;95;70001397;ТС/ЖСК/ЖСПК Заводского р-на;;3991047;Г********Ч Н. В.;ул. Голодеда, д.5Б, кв.95;0;1;Квартира;;;0;основной;7,70003E+11;3;жилищный фонд граждан;2;частный;2;60,8;3;Квартира;;0;0;0;0
MN7000;Минск РИЦ;1035981;0;MN7000;55,35;20,68;1;жилфонд граждан;кв.;6413090538;01.05.2025;01.01.2100;9329;ул. Голодеда, д.65;118;9100236;"ГП ""ЖЭУ № 5 Заводского района г. Минска""";;3991048;Г******А Л. И.;ул. Голодеда, д.65, кв.118;0;1;Квартира;;;1;разделенный;7,70003E+11;3;жилищный фонд граждан;2;частный;4;14,6;3;Квартира;;0;0;0;0
MN7000;Минск РИЦ;382652;0;MN7000;34,82;53,49;1;жилфонд граждан;кв.;6413330130;01.01.2002;01.01.2100;8389;ул. Голодеда, д.59;13;9100236;"ГП ""ЖЭУ № 5 Заводского района г. Минска""";;3991049;Д***Х Д. М.;ул. Голодеда, д.59, кв.13;0;1;Квартира;;;0;основной;7,70003E+11;3;жилищный фонд граждан;2;частный;3;29,05;3;Квартира;;0;0;0;0
MN7000;Минск РИЦ;365553;0;MN7000;89,39;83,72;4;жилфонд граждан;кв.;6458840111;01.08.2013;01.01.2100;5762;ул. Ротмистрова, д.60;11;9100235;"ГП ""ЖЭУ № 4 Заводского района г. Минска""";80293336699;3991050;Б*******Я М. А.;ул. Ротмистрова, д.60, кв.11;0;1;Квартира;;;0;основной;7,70003E+11;3;жилищный фонд граждан;2;частный;2;56,5;3;Квартира;;0;0;0;0
MN7000;Минск РИЦ;363885;0;MN7000;101,81;120;2;жилфонд граждан;кв.;6458840601;01.08.2013;01.01.2100;5762;ул. Ротмистрова, д.60;60;9100235;"ГП ""ЖЭУ № 4 Заводского района г. Минска""";80293336700;3991051;Н********Ч А. С.;ул. Ротмистрова, д.60, кв.60;0;1;Квартира;;;0;основной;7,70003E+11;3;жилищный фонд граждан;2;частный;2;57,2;3;Квартира;;0;0;0;0
MN7000;Минск РИЦ;1046374;0;MN7000;39,05;434,75;1;жилфонд граждан;кв.;6458870462;01.10.2025;01.01.2100;6713;ул. Академика Красина, д.22;46;9100235;"ГП ""ЖЭУ № 4 Заводского района г. Минска""";80293336701;3991052;К*********Я Д. А., К*********Й М. И.;ул. Академика Красина, д.22, кв.46;0;;;;;0;основной;7,70003E+11;3;жилищный фонд граждан;2;частный;3;53,8;3;Квартира;;0;0;0;0
MN7000;Минск РИЦ;441130;0;MN7000;30,7;37,1;1;жилфонд граждан;кв.;6458990101;01.06.2012;01.01.2100;5697;ул. Академика Красина, д.59;10;9100235;"ГП ""ЖЭУ № 4 Заводского района г. Минска""";80293336702;3991053;К******А А. С.;ул. Академика Красина, д.59, кв.10;0;1;Квартира;;;0;основной;7,70003E+11;3;жилищный фонд граждан;2;частный;1;35,7;3;Квартира;;0;0;0;0
MN7000;Минск РИЦ;917389;0;MN7000;0;2,2;0;коммунальный жилфонд;к/место;6464030113;01.08.2017;01.01.2100;5747;ул. Плеханова, д.31;;70001397;ТС/ЖСК/ЖСПК Заводского р-на;80293336703;3991054;Н******К А. А.;ул. Плеханова, д.31, к/место 11;0;64;Койко-место в комнате;;;4;иные / без уникальности;;2;коммунальный жилищный фонд;1;государственный;;0;8;Койко-место;;0;0;0;0
MN7000;Минск РИЦ;1008768;0;MN7000;61,24;81,16;1;коммунальный жилфонд;ком.;6464030237;01.08.2023;01.01.2100;5747;ул. Плеханова, д.31;;70001397;ТС/ЖСК/ЖСПК Заводского р-на;80293336704;3991055;А****В Д.;ул. Плеханова, д.31, ком.23;0;;;;;4;иные / без уникальности;;2;коммунальный жилищный фонд;1;государственный;;17,8;7;Комната;;0;0;0;0
MN7000;Минск РИЦ;1005031;0;MN7000;0;1,81;0;коммунальный жилфонд;к/место;6464030743;01.04.2023;01.01.2100;5747;ул. Плеханова, д.31;;70001397;ТС/ЖСК/ЖСПК Заводского р-на;80293336705;3991056;Ш*****К В. В.;ул. Плеханова, д.31, к/место 74;0;64;Койко-место в комнате;;;4;иные / без уникальности;;2;коммунальный жилищный фонд;1;государственный;;0;8;Койко-место;;0;0;0;0
MN7000;Минск РИЦ;445219;0;MN7000;0;4,97;0;коммунальный жилфонд;ком.;6464030980;01.03.2016;01.01.2100;5747;ул. Плеханова, д.31;;70001397;ТС/ЖСК/ЖСПК Заводского р-на;80293336706;3991057;Д***Ш Е. В.;ул. Плеханова, д.31, ком.98;0;4;Комната;;;4;иные / без уникальности;;2;коммунальный жилищный фонд;1;государственный;;0;7;Комната;;0;0;0;0
MN7000;Минск РИЦ;1019460;0;MN7000;0;127,38;0;коммунальный жилфонд;к/место;6464031619;01.06.2024;01.01.2100;5747;ул. Плеханова, д.31;;70001397;ТС/ЖСК/ЖСПК Заводского р-на;80293336707;3991058;М********О О. А.;ул. Плеханова, д.31, к/место 61;0;;;;;4;иные / без уникальности;;2;коммунальный жилищный фонд;1;государственный;;0;8;Койко-место;;0;0;0;0
MN7000;Минск РИЦ;459361;0;MN7000;0;5,64;4;жилфонд граждан;кв.;6800080007;01.03.2005;01.01.2100;10348;ул. Якубова, д.4;7;9100302;ГП ЖЭУ № 2 Ленин. р-на;80293336708;3991059;А*******О Т. Л.;ул. Якубова, д.4, кв.7;0;1;Квартира;;;5;основной миграция;;3;жилищный фонд граждан;2;частный;2;0;3;Квартира;;0;0;0;0
MN7000;Минск РИЦ;459499;0;MN7000;0;1,09;4;жилфонд граждан;кв.;6800080040;01.03.2005;01.01.2100;10348;ул. Якубова, д.4;40;9100302;ГП ЖЭУ № 2 Ленин. р-на;80293336709;3991060;В**********Й И. М.;ул. Якубова, д.4, кв.40;0;1;Квартира;;;5;основной миграция;;3;жилищный фонд граждан;2;частный;2;0;3;Квартира;;0;0;0;0
MN7000;Минск РИЦ;952527;0;MN7000;20,08;777,27;0;жилфонд граждан;кв.;6847240090;01.07.2019;01.01.2100;9632;пр-т Рокоссовского, д.145;90;9100302;ГП ЖЭУ № 2 Ленин. р-на;80293336710;3991061;К****К Н. В.;пр-т Рокоссовского, д.145, кв.90;0;1;Квартира;;;1;разделенный;7,70004E+11;3;жилищный фонд граждан;2;частный;3;22,54;3;Квартира;;0;0;0;0
MN7000;Минск РИЦ;952529;0;MN7000;28,02;1885,82;2;жилфонд граждан;кв.;6847240091;01.07.2019;01.01.2100;9632;пр-т Рокоссовского, д.145;90;9100302;ГП ЖЭУ № 2 Ленин. р-на;80293336711;3991062;Б****О В. Л.;пр-т Рокоссовского, д.145, кв.90;0;1;Квартира;;;1;разделенный;7,70004E+11;3;жилищный фонд граждан;2;частный;3;22,54;3;Квартира;;0;0;0;0
MN7000;Минск РИЦ;496122;0;MN7000;77,98;119,42;2;жилфонд граждан;кв.;6847240639;08.04.1997;01.01.2100;9632;пр-т Рокоссовского, д.145;63;9100302;ГП ЖЭУ № 2 Ленин. р-на;80293336712;3991063;З******Ч В. В.;пр-т Рокоссовского, д.145, кв.63;0;1;Квартира;;;0;основной;7,70004E+11;3;жилищный фонд граждан;2;частный;1;32,9;3;Квартира;;0;0;0;0
MN7000;Минск РИЦ;496968;0;MN7000;108,8;140,71;4;жилфонд граждан;кв.;6847241768;30.03.1995;01.01.2100;9632;пр-т Рокоссовского, д.145;176;9100302;ГП ЖЭУ № 2 Ленин. р-на;80293336713;3991064;К*****Ь Н. И.;пр-т Рокоссовского, д.145, кв.176;0;1;Квартира;;;0;основной;7,70004E+11;3;жилищный фонд граждан;2;частный;2;46,5;3;Квартира;;0;0;0;0
MN7000;Минск РИЦ;523282;0;MN7000;65,17;71,12;4;жилфонд граждан;кв.;6847720243;20.05.1999;01.01.2100;10919;пр-т Рокоссовского, д.11;24;9100301;ГП ЖЭУ № 1 Ленин. р-на;80293336714;3991065;П*******К Е. В.;пр-т Рокоссовского, д.11, кв.24;0;1;Квартира;;;0;основной;7,70004E+11;3;жилищный фонд граждан;2;частный;2;47,1;3;Квартира;;0;0;0;0
MN7000;Минск РИЦ;512933;0;MN7000;56,16;65,77;3;жилфонд граждан;кв.;6848080557;10.04.1995;01.01.2100;9844;пр-т Рокоссовского, д.114;55;9100302;ГП ЖЭУ № 2 Ленин. р-на;80293336715;3991066;К****Ь О. Н.;пр-т Рокоссовского, д.114, кв.55;0;1;Квартира;;;0;основной;7,70004E+11;3;жилищный фонд граждан;2;частный;1;33;3;Квартира;;0;0;0;0
MN7000;Минск РИЦ;1022086;0;MN7000;25,77;22,99;1;жилфонд граждан;кв.;6849310317;01.09.2024;01.01.2100;10567;пр-т Рокоссовского, д.153;317;9100302;ГП ЖЭУ № 2 Ленин. р-на;80293336716;3991067;Ч*********Я Ж. М.;пр-т Рокоссовского, д.153, кв.317;0;;;;;1;разделенный;7,70004E+11;3;жилищный фонд граждан;2;частный;1;8,3;3;Квартира;;0;0;0;0
MN7000;Минск РИЦ;467895;0;MN7000;96,08;207,18;2;жилфонд граждан;кв.;6849311272;19.08.1997;01.01.2100;10567;пр-т Рокоссовского, д.153;127;9100302;ГП ЖЭУ № 2 Ленин. р-на;80293336717;3991068;Ш***Ц Н. К.;пр-т Рокоссовского, д.153, кв.127;0;1;Квартира;;;0;основной;7,70004E+11;3;жилищный фонд граждан;2;частный;3;67,6;3;Квартира;;0;0;0;0
MN7000;Минск РИЦ;490418;0;MN7000;74,62;80,56;2;жилфонд граждан;кв.;6849311728;01.05.2000;01.01.2100;10567;пр-т Рокоссовского, д.153;172;9100302;ГП ЖЭУ № 2 Ленин. р-на;80293336718;3991069;Б*******А Л. В.;пр-т Рокоссовского, д.153, кв.172;0;1;Квартира;;;0;основной;7,70004E+11;3;жилищный фонд граждан;2;частный;3;67,39;3;Квартира;;0;0;0;0
MN7000;Минск РИЦ;490253;0;MN7000;134,25;338,19;5;жилфонд граждан;кв.;6849312403;14.11.2000;01.01.2100;10567;пр-т Рокоссовского, д.153;240;9100302;ГП ЖЭУ № 2 Ленин. р-на;80293336719;3991070;Г*****Ч О. П., Г*****Ч Е. М., Г*****Ч И. П.;пр-т Рокоссовского, д.153, кв.240;0;1;Квартира;;;0;основной;7,70004E+11;3;жилищный фонд граждан;2;частный;3;67,7;3;Квартира;;0;0;0;0
MN7000;Минск РИЦ;490081;0;MN7000;77,47;88,26;1;жилфонд граждан;кв.;6849312923;16.12.1992;01.01.2100;10567;пр-т Рокоссовского, д.153;292;9100302;ГП ЖЭУ № 2 Ленин. р-на;80293336720;3991071;А****Ь П. А.;пр-т Рокоссовского, д.153, кв.292;0;1;Квартира;;;0;основной;7,70004E+11;3;жилищный фонд граждан;2;частный;2;49,15;3;Квартира;;0;0;0;0
MN7000;Минск РИЦ;960905;0;MN7000;0,57;70;1;коммунальный жилфонд;к/место;6875570041;01.12.2019;01.01.2100;36664;ул. Фабричная, д.25;;70003412;КУП «Минские городские общежития» (Ленинский район РСЦ4);;3991072;Р*****Ч В. В.;ул. Фабричная, д.25, к/место 4;0;64;Койко-место в комнате;;;4;иные / без уникальности;;2;коммунальный жилищный фонд;1;государственный;;0;8;Койко-место;;0;0;0;0
MN7000;Минск РИЦ;988012;0;MN7000;25,3;88,23;1;коммунальный жилфонд;к/место;6875570351;01.11.2021;01.01.2100;36664;ул. Фабричная, д.25;;70003412;КУП «Минские городские общежития» (Ленинский район РСЦ4);;3991073;В*******А Е. А.;ул. Фабричная, д.25, к/место 51;0;;;;;4;иные / без уникальности;;2;коммунальный жилищный фонд;1;государственный;;6,27;8;Койко-место;;0;0;0;0
MN7000;Минск РИЦ;945811;0;MN7000;144,41;476,05;4;коммунальный жилфонд;блок;6875590081;01.03.2019;01.01.2100;36992;ул. Серафимовича, д.8А;8;70003412;КУП «Минские городские общежития» (Ленинский район РСЦ4);;3991074;З****В И. Н.;ул. Серафимовича, д.8А, блок 8;0;4;Комната;;;4;иные / без уникальности;;2;коммунальный жилищный фонд;1;государственный;1;39;6;Блок (помещений);;0;0;0;0
MN7000;Минск РИЦ;1044522;0;MN7000;68,9;119,29;2;коммунальный жилфонд;ком.;6875591132;01.09.2025;01.01.2100;36992;ул. Серафимовича, д.8А;;70003412;КУП «Минские городские общежития» (Ленинский район РСЦ4);;3991075;Я*****Ч М. И.;ул. Серафимовича, д.8А, ком.32;0;;;;;4;иные / без уникальности;;2;коммунальный жилищный фонд;1;государственный;;18,4;7;Комната;;0;0;0;0
MN7000;Минск РИЦ;161306;0;MN7000;31,36;55,6;1;жилфонд граждан;кв.;7032680019;01.02.2003;01.01.2100;297;ул. Лермонтова, д.18, к.2;19;7003;"ГП ""ЖЭУ № 3 Московского района г. Минска""";;3991076;Щ*****Ь В. А., Щ*****Ь Г. А.;ул. Лермонтова, д.18, к.2, кв.19;0;21;Частная                  ;;;0;основной;7,70001E+11;3;жилищный фонд граждан;2;частный;2;48,4;3;Квартира;;0;0;0;0
MN7000;Минск РИЦ;192685;0;MN7000;106,01;236,26;2;жилфонд граждан;кв.;7033480736;01.01.2000;01.01.2100;2515;ул. Грушевская, д.137;73;7003;"ГП ""ЖЭУ № 3 Московского района г. Минска""";;3991077;Г**К Д. В., М*****О М. В.;ул. Грушевская, д.137, кв.73;0;21;Частная                  ;;;0;основной;7,70001E+11;3;жилищный фонд граждан;2;частный;2;41,89;3;Квартира;;0;0;0;0
MN7000;Минск РИЦ;183962;0;MN7000;105,92;260,04;3;жилфонд граждан;кв.;7034090598;01.01.2000;01.01.2100;2537;ул. Розы Люксембург, д.97;59;7003;"ГП ""ЖЭУ № 3 Московского района г. Минска""";;3991078;Л***О Э. В.;ул. Розы Люксембург, д.97, кв.59;0;21;Частная                  ;;;0;основной;7,70001E+11;3;жилищный фонд граждан;2;частный;2;42,97;3;Квартира;;0;0;0;0
MN7000;Минск РИЦ;195882;0;MN7000;169,39;155,75;3;коммунальный жилфонд;кв.;7034430158;01.01.2000;01.01.2100;1663;ул. Пермская, д.46;15;7003;"ГП ""ЖЭУ № 3 Московского района г. Минска""";;3991079;Х*****В В. И.;ул. Пермская, д.46, кв.15;0;10;Коммерч.исп.коммун.жил.ф.;;;0;основной;7,70001E+11;2;коммунальный жилищный фонд;1;государственный;2;44,11;3;Квартира;;0;0;0;0
MN7000;Минск РИЦ;178947;0;MN7000;58,33;70,83;1;жилфонд граждан;кв.;7038350240;01.01.2000;01.01.2100;2491;пр-т Любимова, д.40, к.2;24;7004;"ГП ""ЖЭУ № 4 Московского района г. Минска""";;3991080;А*****В А. А.;пр-т Любимова, д.40, к.2, кв.24;0;1;Квартира;;;0;основной;7,70001E+11;3;жилищный фонд граждан;2;частный;1;34,27;3;Квартира;;0;0;0;0
MN7000;Минск РИЦ;103501;0;MN7000;64,52;76,44;3;жилфонд граждан;кв.;7039700989;01.01.2000;01.01.2100;1043;ул. Белецкого, д.50, к.3;98;7004;"ГП ""ЖЭУ № 4 Московского района г. Минска""";;3991081;Р******Й А. В., З***Н С. В.;ул. Белецкого, д.50, к.3, кв.98;0;1;Квартира;;;0;основной;7,7E+11;3;жилищный фонд граждан;2;частный;3;63,5;3;Квартира;;0;0;0;0
MN7000;Минск РИЦ;139085;0;MN7000;142,87;170,2;5;коммунальный жилфонд;кв.;7040461371;01.06.2015;01.01.2100;117;ул. Острожских, д.8;137;7004;"ГП ""ЖЭУ № 4 Московского района г. Минска""";;3991082;Е**Н А. В.;ул. Острожских, д.8, кв.137;0;1;Квартира;;;0;основной;7,7E+11;2;коммунальный жилищный фонд;1;государственный;3;76,1;3;Квартира;;0;0;0;0
MN7000;Минск РИЦ;141846;0;MN7000;14,53;19,06;2;жилфонд граждан;кв.;7060990011;01.09.2003;01.01.2100;426;ул. Курганная, д.65;1;7007;ЧС_ГП ЖЭУ № 1 Моск.р-на;;3991083;Д*******Ч Н. Н.;ул. Курганная, д.65, кв.1;0;21;Частная                  ;;;0;основной;7,7E+11;3;жилищный фонд граждан;2;частный;0;39,3;3;Квартира;;0;0;0;0
MN7000;Минск РИЦ;105252;0;MN7000;-155,13;207,31;1;жилфонд граждан;кв.;7061050010;01.10.2015;01.01.2100;431;ул. Курганная, д.79;2;7007;ЧС_ГП ЖЭУ № 1 Моск.р-на;;3991084;А****А С. А.;ул. Курганная, д.79, кв.2;0;21;Частная                  ;;;0;основной;7,7E+11;3;жилищный фонд граждан;2;частный;2;97,1;3;Квартира;;0;0;0;0
MN7000;Минск РИЦ;110634;0;MN7000;113,77;137,05;1;жилфонд граждан;кв.;7074260351;01.06.2009;01.01.2100;102;ул. Рафиева, д.42;35;7004;"ГП ""ЖЭУ № 4 Московского района г. Минска""";;3991085;К*******О Г. А.;ул. Рафиева, д.42, кв.35;0;1;Квартира;;;0;основной;7,7E+11;3;жилищный фонд граждан;2;частный;3;76,3;3;Квартира;;0;0;0;0
MN7000;Минск РИЦ;1029291;0;MN7000;12,95;61,7;0;жилфонд граждан;кв.;7076560010;01.02.2025;01.01.2100;780;ул. Янки Брыля, д.24;10;7004;"ГП ""ЖЭУ № 4 Московского района г. Минска""";;3991086;Г***О Н. Ю.;ул. Янки Брыля, д.24, кв.10;0;1;Квартира;;;1;разделенный;7,7E+11;3;жилищный фонд граждан;2;частный;2;12,33;3;Квартира;;0;0;0;0
MN7000;Минск РИЦ;978101;0;MN7000;45,19;51,74;2;жилфонд граждан;кв.;7076720027;01.02.2021;01.01.2100;1342;ул. Янки Брыля, д.22;27;7004;"ГП ""ЖЭУ № 4 Московского района г. Минска""";;3991087;П******О М. В.;ул. Янки Брыля, д.22, кв.27;0;1;Квартира;;;1;разделенный;7,7E+11;3;жилищный фонд граждан;2;частный;3;19,2;3;Квартира;;0;0;0;0
MN7000;Минск РИЦ;189861;0;MN7000;63,76;225,34;2;коммунальный жилфонд;кв.;7076720581;01.04.2010;01.01.2100;1342;ул. Янки Брыля, д.22;58;7004;"ГП ""ЖЭУ № 4 Московского района г. Минска""";;3991088;А**********А Д. М.;ул. Янки Брыля, д.22, кв.58;0;1;Квартира;;;0;основной;7,70001E+11;2;коммунальный жилищный фонд;1;государственный;1;37;3;Квартира;;0;0;0;0
MN7000;Минск РИЦ;122266;0;MN7000;0;37,21;0;коммунальный жилфонд;кв.;7076721301;01.04.2010;01.01.2100;1342;ул. Янки Брыля, д.22;130;7004;"ГП ""ЖЭУ № 4 Московского района г. Минска""";;3991089;Р****Я П. А.;ул. Янки Брыля, д.22, кв.130;0;1;Квартира;;;2;должник;;2;коммунальный жилищный фонд;1;государственный;1;0;3;Квартира;;0;0;0;0
MN7000;Минск РИЦ;111810;0;MN7000;69,18;141,63;1;коммунальный жилфонд;кв.;7076721541;01.04.2010;01.01.2100;1342;ул. Янки Брыля, д.22;154;7004;"ГП ""ЖЭУ № 4 Московского района г. Минска""";;3991090;П*****К В. В.;ул. Янки Брыля, д.22, кв.154;0;1;Квартира;;;0;основной;7,7E+11;2;коммунальный жилищный фонд;1;государственный;1;37,8;3;Квартира;;0;0;0;0
MN7000;Минск РИЦ;122560;0;MN7000;65,82;64,53;2;жилфонд граждан;кв.;7077190041;01.07.2012;01.01.2100;238;пер. Малый, д.20;4;7003;"ГП ""ЖЭУ № 3 Московского района г. Минска""";;3991091;З*******В Н. А.;пер. Малый, д.20, кв.4;0;21;Частная                  ;;;0;основной;7,7E+11;3;жилищный фонд граждан;2;частный;2;49,7;3;Квартира;;0;0;0;0
MN7000;Минск РИЦ;1019839;0;MN7000;79,6;214,79;3;жилфонд граждан;кв.;7077941100;01.07.2024;01.01.2100;39493;пр-т Дзержинского, д.26;100;7003;"ГП ""ЖЭУ № 3 Московского района г. Минска""";;3991092;Ш*****Ц И. Э., Р*****Ч В. Г.;пр-т Дзержинского, д.26, кв.100;0;;;;;0;основной;7,70007E+11;3;жилищный фонд граждан;2;частный;2;65;3;Квартира;;0;0;0;0
MN7000;Минск РИЦ;1019451;0;MN7000;117,53;127,79;1;жилфонд граждан;кв.;7077941154;01.06.2024;01.01.2100;39493;пр-т Дзержинского, д.26;154;7003;"ГП ""ЖЭУ № 3 Московского района г. Минска""";;3991093;Д********Ч Е. А.;пр-т Дзержинского, д.26, кв.154;0;;;;;0;основной;7,70007E+11;3;жилищный фонд граждан;2;частный;2;63,2;3;Квартира;;0;0;0;0
MN7000;Минск РИЦ;1011281;0;MN7000;96,93;124,32;1;жилфонд граждан;кв.;7077950068;01.10.2023;01.01.2100;39493;пр-т Дзержинского, д.26;68;7003;"ГП ""ЖЭУ № 3 Московского района г. Минска""";;3991094;С****Ь А. В.;пр-т Дзержинского, д.26, кв.68;0;;;;;0;основной;7,70007E+11;3;жилищный фонд граждан;2;частный;3;83,2;3;Квартира;;0;0;0;0
MN7000;Минск РИЦ;1021731;0;MN7000;85,24;93,43;1;жилфонд граждан;кв.;7077950262;01.09.2024;01.01.2100;39493;пр-т Дзержинского, д.26;262;7003;"ГП ""ЖЭУ № 3 Московского района г. Минска""";;3991095;Ш****К Е. В.;пр-т Дзержинского, д.26, кв.262;0;;;;;0;основной;7,70007E+11;3;жилищный фонд граждан;2;частный;3;89,5;3;Квартира;;0;0;0;0
MN7000;Минск РИЦ;1056919;1;MN7000;98,17;10,52;4;жилфонд граждан;кв.;7077959363;01.01.2026;01.01.2100;39493;пр-т Дзержинского, д.26;363;7003;"ГП ""ЖЭУ № 3 Московского района г. Минска""";;3991096;Д******В А. А., Д*******А Т. С.;пр-т Дзержинского, д.26, кв.363;0;;;;;0;основной;7,70007E+11;3;жилищный фонд граждан;2;частный;3;91,1;3;Квартира;;0;0;0;0
MN7000;Минск РИЦ;547410;0;MN7000;179,58;6316,64;1;коммунальный жилфонд;кв.;7215180522;01.02.2000;01.01.2100;11866;ул. Брестская, д.70, к.1;52;70002699;"ГП ""ЖЭУ № 4 Октябрьского района г. Минска"" (реорганизация ГП ЖЭУ № 3)";;3991097;НЕ У. Н.;ул. Брестская, д.70, к.1, кв.52;0;1;Квартира;;;0;основной;7,70004E+11;2;коммунальный жилищный фонд;1;государственный;3;59,1;3;Квартира;;0;0;0;0
MN7000;Минск РИЦ;547226;0;MN7000;69,88;73,08;1;жилфонд граждан;кв.;7215190851;01.02.2000;01.01.2100;11492;ул. Брестская, д.76;85;70002699;"ГП ""ЖЭУ № 4 Октябрьского района г. Минска"" (реорганизация ГП ЖЭУ № 3)";;3991098;К****К Е. Б.;ул. Брестская, д.76, кв.85;0;1;Квартира;;;0;основной;7,70004E+11;3;жилищный фонд граждан;2;частный;2;48,91;3;Квартира;;0;0;0;0
MN7000;Минск РИЦ;529172;0;MN7000;91,41;234,32;1;жилфонд граждан;кв.;7259131151;01.01.2014;01.01.2100;11732;ул. Корженевского, д.31;115;70002699;"ГП ""ЖЭУ № 4 Октябрьского района г. Минска"" (реорганизация ГП ЖЭУ № 3)";;3991099;П******О Ю. Ю.;ул. Корженевского, д.31, кв.115;0;1;Квартира;;;0;основной;7,70004E+11;3;жилищный фонд граждан;2;частный;2;46,3;3;Квартира;;0;0;0;0
MN7000;Минск РИЦ;1018761;0;MN7000;35,43;42,2;1;жилфонд граждан;кв.;7259131304;01.05.2024;01.01.2100;11732;ул. Корженевского, д.31;304;70002699;"ГП ""ЖЭУ № 4 Октябрьского района г. Минска"" (реорганизация ГП ЖЭУ № 3)";;3991100;К****Ь Е. А.;ул. Корженевского, д.31, кв.304;0;1;Квартира;;;1;разделенный;7,70004E+11;3;жилищный фонд граждан;2;частный;2;15,56;3;Квартира;;0;0;0;0
MN7000;Минск РИЦ;524245;0;MN7000;70,61;222,4;3;жилфонд граждан;кв.;7259131531;01.01.2014;01.01.2100;11732;ул. Корженевского, д.31;153;70002699;"ГП ""ЖЭУ № 4 Октябрьского района г. Минска"" (реорганизация ГП ЖЭУ № 3)";;3991101;Ж*******Й В. Г.;ул. Корженевского, д.31, кв.153;0;1;Квартира;;;0;основной;7,70004E+11;3;жилищный фонд граждан;2;частный;3;62,68;3;Квартира;;0;0;0;0
MN7000;Минск РИЦ;579551;0;MN7000;75,52;81,09;4;жилфонд граждан;кв.;7413410021;01.10.2003;01.01.2100;14943;ул. Полярная, д.17;1;9100411;ЧС_ГП ЖЭУ № 4 Партиз. р-на;;3991102;Ш******О Н. Н.;ул. Полярная, д.17, кв.1;0;1;Квартира;;;0;основной;7,70005E+11;3;жилищный фонд граждан;2;частный;3;135,9;3;Квартира;;0;0;0;0
MN7000;Минск РИЦ;574320;0;MN7000;24,16;24,16;5;жилфонд граждан;кв.;7414370021;01.06.2010;01.01.2100;14498;ул. Сосновая, д.14;2;9100411;ЧС_ГП ЖЭУ № 4 Партиз. р-на;;3991103;Р****В А. В.;ул. Сосновая, д.14, кв.2;0;1;Квартира;;;0;основной;7,70005E+11;3;жилищный фонд граждан;2;частный;3;81,8;3;Квартира;;0;0;0;0
MN7000;Минск РИЦ;574329;0;MN7000;80,64;75,91;2;жилфонд граждан;д.;7414980011;01.09.2003;01.01.2100;14544;ул. Солтыса, д.97;;9100411;ЧС_ГП ЖЭУ № 4 Партиз. р-на;;3991104;Ш**О А. В.;ул. Солтыса, д.97;0;1;Квартира;;;0;основной;7,70005E+11;3;жилищный фонд граждан;2;частный;;79,5;1;Дом;;0;0;0;0
MN7000;Минск РИЦ;1069422;0;MN7000;6,76;20,27;0;жилфонд граждан;д.;7418030041;01.06.2026;01.01.2100;14826;ул. Тепличная, д.41;;9100411;ЧС_ГП ЖЭУ № 4 Партиз. р-на;;3991105;Н*******Ч П. Е.;ул. Тепличная, д.41;0;;;;;1;разделенный;7,70005E+11;3;жилищный фонд граждан;2;частный;;9,55;1;Дом;;0;0;0;0
MN7000;Минск РИЦ;582047;0;MN7000;10,93;47,7;0;жилфонд граждан;д.;7420300011;01.09.2003;01.01.2100;14723;ул. Яблоневая, д.1А;;9100411;ЧС_ГП ЖЭУ № 4 Партиз. р-на;;3991106;В******А А. Н.;ул. Яблоневая, д.1А;0;1;Квартира;;;0;основной;7,70005E+11;3;жилищный фонд граждан;2;частный;;83,3;1;Дом;;0;0;0;0
MN7000;Минск РИЦ;580579;0;MN7000;16,98;17,38;2;жилфонд граждан;д.;7420930011;01.09.2003;01.01.2100;13910;ул. Бумажкова, д.6;;9100411;ЧС_ГП ЖЭУ № 4 Партиз. р-на;;3991107;Ю*****Ч В. И.;ул. Бумажкова, д.6;0;7;Одноквартирный жилой дом;;;0;основной;7,70005E+11;3;жилищный фонд граждан;2;частный;;71;1;Дом;;0;0;0;0
MN7000;Минск РИЦ;580562;0;MN7000;17,77;19,79;2;жилфонд граждан;кв.;7421490011;01.09.2003;01.01.2100;13502;пр-д Бумажкова, д.12;1;9100411;ЧС_ГП ЖЭУ № 4 Партиз. р-на;;3991108;Я******Ч О. П., Я******Ч И. П.;пр-д Бумажкова, д.12, кв.1;0;1;Квартира;;;0;основной;7,70005E+11;3;жилищный фонд граждан;2;частный;3;52,4;3;Квартира;;0;0;0;0
MN7000;Минск РИЦ;573306;0;MN7000;4,83;4,83;0;жилфонд граждан;кв.;7421490031;01.07.2014;01.01.2100;13502;пр-д Бумажкова, д.12;3;9100411;ЧС_ГП ЖЭУ № 4 Партиз. р-на;;3991109;Я******Ч О. П., Я******Ч И. П.;пр-д Бумажкова, д.12, кв.3;0;1;Квартира;;;0;основной;7,70005E+11;3;жилищный фонд граждан;2;частный;1;24;3;Квартира;;0;0;0;0
MN7000;Минск РИЦ;1017261;0;MN7000;4,83;24,15;0;жилфонд граждан;д.;7423191013;01.04.2024;01.01.2100;14335;ул. Дачная, д.28А;;9100411;ЧС_ГП ЖЭУ № 4 Партиз. р-на;;3991110;Б****О И. Н.;ул. Дачная, д.28А;0;;;;;1;разделенный;7,70005E+11;3;жилищный фонд граждан;2;частный;;4,52;1;Дом;;0;0;0;0
MN7000;Минск РИЦ;582026;0;MN7000;69,98;58,08;5;жилфонд граждан;д.;7423370011;01.09.2003;01.01.2100;14211;ул. Двинская, д.15;;9100411;ЧС_ГП ЖЭУ № 4 Партиз. р-на;;3991111;Д***О А. Н.;ул. Двинская, д.15;0;7;Одноквартирный жилой дом;;;0;основной;7,70005E+11;3;жилищный фонд граждан;2;частный;;394,7;1;Дом;;0;0;0;0
MN7000;Минск РИЦ;576698;0;MN7000;50,67;49,1;2;жилфонд граждан;кв.;7426940020;01.08.2012;01.01.2100;13725;пер. Парниковый 3-й, д.13А;2а;9100411;ЧС_ГП ЖЭУ № 4 Партиз. р-на;;3991112;Ф****В Э. Г.;пер. Парниковый 3-й, д.13А, кв.2а;0;1;Квартира;;;0;основной;7,70005E+11;3;жилищный фонд граждан;2;частный;4;214,2;3;Квартира;;0;0;0;0
MN7000;Минск РИЦ;575809;0;MN7000;107,86;133,09;6;жилфонд граждан;д.;7427430011;01.12.2004;01.01.2100;13593;ул. Жасминовая, д.14;;9100411;ЧС_ГП ЖЭУ № 4 Партиз. р-на;;3991113;Д********Ч Н. Г., Д*******А Н. Н.;ул. Жасминовая, д.14;0;21;Частная                  ;;;0;основной;7,70005E+11;3;жилищный фонд граждан;2;частный;;210,9;1;Дом;;0;0;0;0
MN7000;Минск РИЦ;580893;0;MN7000;84,49;206,8;2;жилфонд граждан;кв.;7444430291;01.02.2007;01.01.2100;13386;ул. Захарова, д.67, к.1;29;70002181;ТС/ЖСК/ЖСПК Партизанского р-на;;3991114;К******А В. Л.;ул. Захарова, д.67, к.1, кв.29;0;1;Квартира;;;0;основной;7,70005E+11;3;жилищный фонд граждан;2;частный;2;67,4;3;Квартира;;0;0;0;0
MN7000;Минск РИЦ;580913;0;MN7000;117,1;168,69;2;жилфонд граждан;кв.;7444430671;01.02.2007;01.01.2100;13386;ул. Захарова, д.67, к.1;67;70002181;ТС/ЖСК/ЖСПК Партизанского р-на;;3991115;П*******Й Л. И., Б****А С.;ул. Захарова, д.67, к.1, кв.67;0;1;Квартира;;;0;основной;7,70005E+11;3;жилищный фонд граждан;2;частный;3;106,9;3;Квартира;;0;0;0;0
MN7000;Минск РИЦ;576702;0;MN7000;14,5;180,1;3;жилфонд граждан;д.;7470610011;01.09.2012;01.01.2100;13190;ул. Игната Буйницкого, д.27;;9100411;ЧС_ГП ЖЭУ № 4 Партиз. р-на;;3991116;Д*******Ч М. Н., Р****В И. М.;ул. Игната Буйницкого, д.27;0;21;Частная                  ;;;0;основной;7,70005E+11;3;жилищный фонд граждан;2;частный;;271,3;1;Дом;;0;0;0;0
MN7000;Минск РИЦ;1021202;0;MN7000;91,65;70,58;2;жилфонд негос. организаций;д.;7471490001;01.08.2024;01.01.2100;39726;ул. Жасминовая, д.3;;9100411;ЧС_ГП ЖЭУ № 4 Партиз. р-на;;3991117;С*******Ч Ю. В.;ул. Жасминовая, д.3;0;;;;;0;основной;7,70007E+11;4;жилищный фонд организаций негосударственной формы собственности;2;частный;;360,5;1;Дом;;0;0;0;0
MN7000;Минск РИЦ;731412;1;MN7000;23,36;22,39;7;жилфонд граждан;кв.;7671610015;01.10.1991;01.01.2100;18016;ул. Основателей, д.18;1;9100496;ГП ЖЭУ № 1 Первом. р-на;;3991118;К********Ч А. К.;ул. Основателей, д.18, кв.1;0;1;Квартира;;;0;основной;7,70005E+11;3;жилищный фонд граждан;2;частный;2;40,3;3;Квартира;;0;0;0;0
MN7000;Минск РИЦ;764300;0;MN7000;68,06;151,92;3;жилфонд граждан;кв.;7671630986;25.06.1985;01.01.2100;17228;ул. Водолажского, д.4;98;9100496;ГП ЖЭУ № 1 Первом. р-на;;3991119;Б****В Г. П.;ул. Водолажского, д.4, кв.98;0;1;Квартира;;;0;основной;7,70006E+11;3;жилищный фонд граждан;2;частный;2;44,1;3;Квартира;;0;0;0;0
MN7000;Минск РИЦ;730750;0;MN7000;125,49;151,33;5;жилфонд граждан;кв.;7671660585;28.07.2000;01.01.2100;18083;ул. Водолажского, д.10;58;9100496;ГП ЖЭУ № 1 Первом. р-на;;3991120;Н*****В И. А.;ул. Водолажского, д.10, кв.58;0;1;Квартира;;;0;основной;7,70005E+11;3;жилищный фонд граждан;2;частный;4;84,3;3;Квартира;;0;0;0;0
MN7000;Минск РИЦ;745760;0;MN7000;68,62;246,17;2;жилфонд граждан;кв.;7671720399;27.12.1996;01.01.2100;18087;ул. Пономарёва, д.2;18;9100496;ГП ЖЭУ № 1 Первом. р-на;;3991121;Б****А А. А.;ул. Пономарёва, д.2, кв.18;0;1;Квартира;;;1;разделенный;7,70005E+11;3;жилищный фонд граждан;2;частный;3;27,24;3;Квартира;;0;0;0;0
MN7000;Минск РИЦ;730856;0;MN7000;97,24;73,03;2;жилфонд граждан;кв.;7671820439;02.11.1977;01.01.2100;17435;ул. Пономарёва, д.12;43;9100496;ГП ЖЭУ № 1 Первом. р-на;;3991122;Т****А Л. Н.;ул. Пономарёва, д.12, кв.43;0;1;Квартира;;;0;основной;7,70005E+11;3;жилищный фонд граждан;2;частный;2;46,8;3;Квартира;;0;0;0;0
MN7000;Минск РИЦ;717059;0;MN7000;24,89;51,47;1;жилфонд граждан;кв.;7671860657;18.01.1991;01.01.2100;17865;ул. Почтовая, д.4;65;9100496;ГП ЖЭУ № 1 Первом. р-на;;3991123;Е********А Л. В.;ул. Почтовая, д.4, кв.65;0;1;Квартира;;;0;основной;7,70005E+11;3;жилищный фонд граждан;2;частный;1;30,9;3;Квартира;;0;0;0;0
MN7000;Минск РИЦ;715445;0;MN7000;81,59;86,59;4;жилфонд граждан;кв.;7672640881;01.09.2008;01.01.2100;18458;ул. 50 лет Победы, д.14;88;9100496;ГП ЖЭУ № 1 Первом. р-на;;3991124;Ш****Я А. А.;ул. 50 лет Победы, д.14, кв.88;0;1;Квартира;;;0;основной;7,70005E+11;3;жилищный фонд граждан;2;частный;2;53,9;3;Квартира;;0;0;0;0
MN7000;Минск РИЦ;798773;0;MN7000;44,97;93,64;2;жилфонд граждан;кв.;8026850090;29.04.1986;01.01.2100;19132;ул. Золотая Горка, д.13;9;9100556;"ГП ""ЖЭУ № 2 Советского района г. Минска""";;3991125;"Ш****Й А. А., О*О ""***Ы В*****""";ул. Золотая Горка, д.13, кв.9;0;1;Квартира;;;0;основной;7,70006E+11;3;жилищный фонд граждан;2;частный;1;29,9;3;Квартира;;0;0;0;0
MN7000;Минск РИЦ;804080;0;MN7000;66,19;71,37;2;жилфонд граждан;кв.;8026850517;14.05.1981;01.01.2100;19132;ул. Золотая Горка, д.13;51;9100556;"ГП ""ЖЭУ № 2 Советского района г. Минска""";;3991126;Я***К Ю. Ю., Ш********Я О. А.;ул. Золотая Горка, д.13, кв.51;0;1;Квартира;;;0;основной;7,70006E+11;3;жилищный фонд граждан;2;частный;1;29,2;3;Квартира;;0;0;0;0
MN7000;Минск РИЦ;955409;0;MN7000;47,35;143,76;1;жилфонд граждан;кв.;8027590001;01.09.2019;01.01.2100;19052;ул. Гамарника, д.9, к.1;1;9100557;"ГП ""ЖЭУ № 3 Советского района г. Минска""";;3991127;Л****Ц С. Э.;ул. Гамарника, д.9, к.1, кв.1;0;1;Квартира;;;1;разделенный;7,70006E+11;3;жилищный фонд граждан;2;частный;2;23,9;3;Квартира;;0;0;0;0
MN7000;Минск РИЦ;823237;0;MN7000;94,07;123,15;2;жилфонд граждан;кв.;8027920059;27.06.1980;01.01.2100;19081;ул. Гамарника, д.27;5;9100557;"ГП ""ЖЭУ № 3 Советского района г. Минска""";;3991128;Г*******А А. В.;ул. Гамарника, д.27, кв.5;0;1;Квартира;;;0;основной;7,70006E+11;3;жилищный фонд граждан;2;частный;2;51,3;3;Квартира;;0;0;0;0
MN7000;Минск РИЦ;814107;0;MN7000;87,03;197,34;3;жилфонд граждан;кв.;8028660152;15.04.1986;01.01.2100;19995;пр-т Независимости, д.43;15;9100556;"ГП ""ЖЭУ № 2 Советского района г. Минска""";;3991129;М*****О С. М.;пр-т Независимости, д.43, кв.15;0;1;Квартира;;;0;основной;7,70006E+11;3;жилищный фонд граждан;2;частный;2;52,5;3;Квартира;;0;0;0;0
MN7000;Минск РИЦ;815517;0;MN7000;47,84;106,66;3;жилфонд граждан;кв.;8028830298;20.03.1985;01.01.2100;22071;ул. Красная, д.17А;29;9100556;"ГП ""ЖЭУ № 2 Советского района г. Минска""";;3991130;З*******О Н. А., ИП С*******А Н**А Г*********А;ул. Красная, д.17А, кв.29;0;1;Квартира;;;0;основной;7,70006E+11;3;жилищный фонд граждан;2;частный;2;42,4;3;Квартира;;0;0;0;0
MN7000;Минск РИЦ;768377;0;MN7000;118,74;285,55;3;жилфонд граждан;кв.;8031380051;01.06.2003;01.01.2100;19644;тр-т Логойский, д.31;51;9100557;"ГП ""ЖЭУ № 3 Советского района г. Минска""";;3991131;М********Й Е. Н.;тр-т Логойский, д.31, кв.51;0;1;Квартира;;;0;основной;7,70006E+11;3;жилищный фонд граждан;2;частный;3;69,9;3;Квартира;;0;0;0;0
MN7000;Минск РИЦ;782156;0;MN7000;103,31;118,6;6;жилфонд граждан;кв.;8031400163;12.03.2001;01.01.2100;19079;ул. Кольцова, д.22;16;9100557;"ГП ""ЖЭУ № 3 Советского района г. Минска""";;3991132;Д*******К С. А., Х************В М.;ул. Кольцова, д.22, кв.16;0;1;Квартира;;;0;основной;7,70006E+11;3;жилищный фонд граждан;2;частный;2;53,3;3;Квартира;;0;0;0;0
MN7000;Минск РИЦ;800695;0;MN7000;88,42;104,18;2;жилфонд граждан;кв.;8031470797;24.06.1993;01.01.2100;19998;ул. Мирошниченко, д.53;79;9100557;"ГП ""ЖЭУ № 3 Советского района г. Минска""";;3991133;П******Ц А. С., Г****К А. Н.;ул. Мирошниченко, д.53, кв.79;0;1;Квартира;;;0;основной;7,70006E+11;3;жилищный фонд граждан;2;частный;3;62,9;3;Квартира;;0;0;0;0
MN7000;Минск РИЦ;767954;0;MN7000;100,41;213,64;3;жилфонд граждан;кв.;8031471093;10.04.1996;01.01.2100;19998;ул. Мирошниченко, д.53;109;9100557;"ГП ""ЖЭУ № 3 Советского района г. Минска""";;3991134;З*****Ч Л. В.;ул. Мирошниченко, д.53, кв.109;0;1;Квартира;;;0;основной;7,70006E+11;3;жилищный фонд граждан;2;частный;1;32,9;3;Квартира;;0;0;0;0
MN7000;Минск РИЦ;811865;0;MN7000;63,32;107,7;0;жилфонд граждан;кв.;8031472060;01.12.2010;01.01.2100;19998;ул. Мирошниченко, д.53;206;9100557;"ГП ""ЖЭУ № 3 Советского района г. Минска""";;3991135;Б***Н Е. И., Б***Н С. И.;ул. Мирошниченко, д.53, кв.206;0;1;Квартира;;;0;основной;7,70006E+11;3;жилищный фонд граждан;2;частный;4;20,72;3;Квартира;;0;0;0;0
MN7000;Минск РИЦ;785464;0;MN7000;41,67;4714,68;1;жилфонд граждан;кв.;8031480100;27.07.1978;01.01.2100;19812;ул. Мирошниченко, д.47;10;9100557;"ГП ""ЖЭУ № 3 Советского района г. Минска""";;3991136;Ю*****О Н. Н.;ул. Мирошниченко, д.47, кв.10;0;1;Квартира;;;0;основной;7,70006E+11;3;жилищный фонд граждан;2;частный;2;49,75;3;Квартира;;0;0;0;0
MN7000;Минск РИЦ;784573;0;MN7000;83,95;282,45;1;жилфонд граждан;кв.;8031630640;15.12.1995;01.01.2100;19798;ул. Гамарника, д.24;64;9100557;"ГП ""ЖЭУ № 3 Советского района г. Минска""";;3991137;С********Ч А. П.;ул. Гамарника, д.24, кв.64;0;1;Квартира;;;0;основной;7,70006E+11;3;жилищный фонд граждан;2;частный;1;32,5;3;Квартира;;0;0;0;0
MN7000;Минск РИЦ;811665;0;MN7000;45,17;57,64;1;жилфонд граждан;кв.;8031631191;28.09.1981;01.01.2100;19798;ул. Гамарника, д.24;119;9100557;"ГП ""ЖЭУ № 3 Советского района г. Минска""";;3991138;П********К Н. И., Б******Й Д. Н.;ул. Гамарника, д.24, кв.119;0;1;Квартира;;;0;основной;7,70006E+11;3;жилищный фонд граждан;2;частный;1;32,79;3;Квартира;;0;0;0;0
MN7000;Минск РИЦ;785382;0;MN7000;89,58;99,75;4;жилфонд граждан;кв.;8032320344;01.01.2000;01.01.2100;19086;ул. Гамарника, д.15;34;9100557;"ГП ""ЖЭУ № 3 Советского района г. Минска""";;3991139;З*****А Н. А., З****В А. А.;ул. Гамарника, д.15, кв.34;0;1;Квартира;;;0;основной;7,70006E+11;3;жилищный фонд граждан;2;частный;2;51,24;3;Квартира;;0;0;0;0
MN7000;Минск РИЦ;986395;0;MN7000;85,69;115,71;1;коммунальный жилфонд;ком.;8099290032;01.09.2021;01.01.2100;38705;ул. Белинского, д.19;;70002796;КУП «Минские городские общежития» (Советский район РСЦ1);;3991140;И****О М. Л.;ул. Белинского, д.19, ком.32;0;;;;;4;иные / без уникальности;;2;коммунальный жилищный фонд;1;государственный;;23;7;Комната;;0;0;0;0
MN7000;Минск РИЦ;207130;0;MN7000;54,59;124,44;2;жилфонд граждан;кв.;8422100392;01.01.2001;01.01.2100;2632;ул. Янки Мавра, д.19;39;70002656;"ГП ""ЖЭУ № 7 Фрунзенского района г. Минска"" (реорганизация ГП ЖЭУ №5)";;3991141;К*******К С. С.;ул. Янки Мавра, д.19, кв.39;0;1;Квартира;;;0;основной;7,70001E+11;3;жилищный фонд граждан;2;частный;2;49,4;3;Квартира;;0;0;0;0
MN7000;Минск РИЦ;1021340;0;MN7000;25,42;781,49;1;жилфонд граждан;кв.;8460090447;01.08.2024;01.01.2100;3392;ул. Одинцова, д.23, к.2;44;70002654;"ГП ""ЖЭУ № 1 Фрунзенского района г. Минска"" (реорганизация ГП ЖЭУ №2)";;3991142;Б***В Г. Н.;ул. Одинцова, д.23, к.2, кв.44;0;;;;;1;разделенный;7,70001E+11;3;жилищный фонд граждан;2;частный;3;31,45;3;Квартира;;0;0;0;0
MN7000;Минск РИЦ;231798;0;MN7000;116,88;126,56;4;жилфонд граждан;кв.;8460150734;01.01.2001;01.01.2100;3398;ул. Одинцова, д.57;73;70002654;"ГП ""ЖЭУ № 1 Фрунзенского района г. Минска"" (реорганизация ГП ЖЭУ №2)";;3991143;Г*******А С. С., Г*******А О. В.;ул. Одинцова, д.57, кв.73;0;1;Квартира;;;0;основной;7,70001E+11;3;жилищный фонд граждан;2;частный;2;52,03;3;Квартира;;0;0;0;0
MN7000;Минск РИЦ;232534;0;MN7000;60,51;128,49;0;жилфонд граждан;кв.;8460201526;01.01.2001;01.01.2100;3403;ул. Якубовского, д.34;152;70002654;"ГП ""ЖЭУ № 1 Фрунзенского района г. Минска"" (реорганизация ГП ЖЭУ №2)";;3991144;К********Й Ю. А.;ул. Якубовского, д.34, кв.152;0;1;Квартира;;;0;основной;7,70001E+11;3;жилищный фонд граждан;2;частный;1;33,9;3;Квартира;;0;0;0;0
MN7000;Минск РИЦ;1029793;0;MN7000;75,7;161,9;1;жилфонд граждан;кв.;9093291163;01.02.2025;01.01.2100;39023;ул. Кропоткина, д.59;163;70000980;ТС/ЖСК/ЖСПК Центрального р-на;;3991145;Д*******А М. Н.;ул. Кропоткина, д.59, кв.163;0;;;;;0;основной;7,70007E+11;3;жилищный фонд граждан;2;частный;3;98,9;3;Квартира;;0;0;0;0
MN7000;Минск РИЦ;1007147;0;MN7000;69,14;74,09;1;жилфонд граждан;кв.;9093292054;01.06.2023;01.01.2100;39023;ул. Кропоткина, д.59;54;70000980;ТС/ЖСК/ЖСПК Центрального р-на;;3991146;К****О М. А.;ул. Кропоткина, д.59, кв.54;0;;;;;0;основной;7,70007E+11;3;жилищный фонд граждан;2;частный;4;93,1;3;Квартира;;0;0;0;0
