"Код схемы";"Наименование схемы";"ID ЛС";"Лицевой счет";"ФИО";"Адрес";"Лицевой счет из файла";"ФИО плательщика из файла";"Адрес плательщика из файла";"обсл. организация ЛС - ID";"обсл. организация ЛС - Наименование";"Поставщик услуг - ID";"Поставщик услуг - Наименование";"Услуга - ID";"Услуга - Наименование";"ID квитанции";"Дата оплаты";"Оплата услуг по квитанции";"Оплата пени по квитанции";"Итого оплачено";"Сумма комиссии расчетного агента";"Распределенная оплата услуг в текущем периоде";"Распределенная оплата пени в текущем периоде";"Нераспределенный остаток оплаты в текущем периоде";"Тип оплаты";"№ операции в ЦУ";"ID пачки";"№ ПП";"Банк - ID";"Банк - Наименование";"Дата оплаты по банку";"Примечание";"Статус пачки";"ID исх. квитанции";"Сумма возврата";"Способ распределения";"ID документа на взыскание"
"MG6000";"Могилев МОЦИС";"643569";"1029750331";"Ф*******О А*******Р С*******Ч";"г. Могилев, ул. Аллейная, д.1, кв.33";"1029750331";"Ф*******О А*******Р С*******Ч";"г. Могилев, ул. Аллейная, д.1, кв.33";"823";"[5] Коммунальник МК (Аллейная 1) уполн.лицо ЖЭУ 4  ЖРЭУ Октябр. р-на";"";"";"";"";"25094896";"31.08.2026 17:35:47";"162,37";"10,07";"172,44";"1,72";"162,37";"10,07";"172,44";"Файл";"6835305549";"279112";"7706824";"270";"ЗАО «Альфа-Банк»";"01.09.2026";"";"Подтверждена";"";"";"распределена полностью";""
"MG6000";"Могилев МОЦИС";"387923";"1069995010";"М******Ч Н*****Я А***********А";"г. Могилев, ул. Воровского, д.45, кв.8";"1069995010";"М******Ч Н*****Я А***********А";"г. Могилев, ул. Воровского, д.45, кв.8";"424";"ЖЭУ-13 КУП ЖРЭУ Ленинского района г.Могилева";"";"";"";"";"25095332";"01.09.2026 15:04:35";"177,21";"0,44";"177,65";"1,78";"177,21";"0,44";"177,65";"Файл";"6836869097";"279126";"3192";"795";"ОАО «АСБ Беларусбанк»";"02.09.2026";"";"Подтверждена";"";"";"распределена полностью";""
"MG6000";"Могилев МОЦИС";"663970";"1032971181";"Г********Й И***Ь А***********Ч";"г. Могилев, ул. Льва Сапеги, д.12, кв.118";"1032971181";"Г********Й И***Ь А***********Ч";"г. Могилев, ул. Льва Сапеги, д.12, кв.118";"690";"[3] Коммунальник-строй (ТС ""ДОМ ЛЬВА"") (Л.Сапеги 12) уполн.лицо ЖЭУ19 ЖРЭУ Ленинского р-на";"";"";"";"";"25096116";"02.09.2026 13:02:16";"20,71";"1,37";"22,08";"0,22";"18,71";"3,37";"22,08";"Файл";"6838297964";"279243";"996804226";"226";"ОАО «Банк БелВЭБ»";"03.09.2026";"";"Подтверждена";"";"";"распределена полностью";""
"MG6000";"Могилев МОЦИС";"660160";"1020860651";"К*******А О***А В********А";"г. Могилев, ул. Челюскинцев, д.124, кв.65";"1020860651";"К*******А О***А В********А";"г. Могилев, ул. Челюскинцев, д.124, кв.65";"787";"[5] Коммунальник МК (Челюскинцев 124) уполн.лицо ЖЭУ 21  ЖРЭУ Октябр. р-на";"";"";"";"";"25096508";"03.09.2026 21:43:23";"183,04";"3,81";"186,85";"1,87";"183,04";"3,81";"186,85";"Файл";"6840532884";"279282";"2986";"795";"ОАО «АСБ Беларусбанк»";"04.09.2026";"";"Подтверждена";"";"";"распределена полностью";""
"MG6000";"Могилев МОЦИС";"720735";"1062840430";"К******В О**Г Н********Ч";"г. Могилев, ул. Криулина, д.47, кв.43";"1062840430";"К******В О**Г Н********Ч";"г. Могилев, ул. Криулина, д.47, кв.43";"837";"[2] ЖилЭкспО (Криулина 47)уполн.лицо ЖЭУ9 ЖРЭУ Ленинского р-на";"";"";"";"";"25097804";"07.09.2026 10:40:45";"40";"0";"40";"0,4";"40";"0";"40";"Файл";"6845025451";"279366";"2758";"795";"ОАО «АСБ Беларусбанк»";"08.09.2026";"";"Подтверждена";"";"";"распределена полностью";""
"MG6000";"Могилев МОЦИС";"720735";"1062840430";"К******В О**Г Н********Ч";"г. Могилев, ул. Криулина, д.47, кв.43";"1062840430";"К******В О**Г Н********Ч";"г. Могилев, ул. Криулина, д.47, кв.43";"837";"[2] ЖилЭкспО (Криулина 47)уполн.лицо ЖЭУ9 ЖРЭУ Ленинского р-на";"";"";"";"";"25097805";"07.09.2026 10:41:08";"13";"0";"13";"0,13";"13";"0";"13";"Файл";"6845026119";"279366";"2758";"795";"ОАО «АСБ Беларусбанк»";"08.09.2026";"";"Подтверждена";"";"";"распределена полностью";""
"MG6000";"Могилев МОЦИС";"726475";"1049891421";"Л*****В Д*****Й И******Ч";"г. Могилев, ул. Алексея Пысина, д.5, кв.142";"1049891421";"Л*****В Д*****Й И******Ч";"г. Могилев, ул. Алексея Пысина, д.5, кв.142";"890";"[3] ЖилЭкспО (ПК 4 Электродвигатель) ЖЭУ-19  ЖРЭУ Ленинского р-на";"";"";"";"";"25105203";"11.09.2026 21:16:37";"100";"0";"100";"1";"97,32";"2,68";"100";"Файл";"6854069851";"279581";"4774";"795";"ОАО «АСБ Беларусбанк»";"14.09.2026";"";"Подтверждена";"";"";"распределена полностью";""
"MG6000";"Могилев МОЦИС";"717654";"1028220691";"Д****К Г****А Ф*******А";"г. Могилев, ул. Аркадия Кулешова, д.3, кв.69";"1028220691";"Д****К Г****А Ф*******А";"г. Могилев, ул. Аркадия Кулешова, д.3, кв.69";"893";"[3] ЖилЭкспО (ТС Спутник премиум) ЖЭУ-19 ЖРЭУ Ленинского р-на";"";"";"";"";"25150445";"15.09.2026";"0,54";"0";"0,54";"0";"0,54";"0";"0,54";"Ввод вручную";"";"282235";"71647";"795";"ОАО «АСБ Беларусбанк»";"15.09.2026";"";"Подтверждена";"";"";"оплата по исполнительной надписи";"123735"
"MG6000";"Могилев МОЦИС";"442192";"7750510133";"Б********А Ж***А А***********А";"г. Могилев, ул. Строителей, д.13, кв.8";"7750510133";"Б********А Ж***А А***********А";"г. Могилев, ул. Строителей, д.13, кв.8";"424";"ЖЭУ-13 КУП ЖРЭУ Ленинского района г.Могилева";"";"";"";"";"25244128";"24.09.2026 14:01:25";"12,35";"0";"12,35";"0,12";"12,35";"0";"12,35";"Файл";"6888349805";"282857";"4887";"795";"ОАО «АСБ Беларусбанк»";"25.09.2026";"";"Подтверждена";"";"";"распределена полностью";""
"MG6000";"Могилев МОЦИС";"574107";"4146810011";"И******О В*******В И******Ч";"г. Могилев, пер. Смирнова, д.6";"4146810011";"И******О В*******В И******Ч";"г. Могилев, пер. Смирнова, д.6";"464";"[2] Частный сектор";"";"";"";"";"25274167";"27.09.2026 16:08:26";"1,83";"0";"1,83";"0,02";"1,83";"0";"1,83";"Файл";"6896185925";"283059";"6127";"345";"ОАО «НКФО «ЕРИП»";"28.09.2026";"";"Подтверждена";"";"";"распределена полностью";""