Операционный период;Код схемы;Наименование схемы;Код ЛС;Лицевой счет;Код лица;Код регистрации лица;Код обслуживающей организации;Краткое наименование поставщика;Полное наименование поставщика;Дата прибытия;Дата убытия;Причина прибытия/выбытия;Тип регистрации (код);Тип регистрации;Статус регистрации;Снят с регистрационного учёта;Наличие договора найма;Дата регистрации по паспорту;Дата снятия с учёта по паспорту;Фамилия;Имя;Отчество;Пол (код);Пол;Дата рождения;Национальность;Код гражданства;Гражданство;Семейное положение (код);Семейное положение;Является юридическим лицом;Дата смерти;Примечание;Код социального примечания;Социальное примечание;Код типа основного документа;Основной документ (краткое);Основной документ (полное);Серия и номер;Дата выдачи;Кем выдан;Цифровой код органа;Основание выдачи паспорта;Идентификационный номер паспорта;Адрес местожительства;Код документа 1;Наименование документа 1;Доля по документу 1;Код документа 2;Наименование документа 2;Доля по документу 2;Код документа 3;Наименование документа 3;Доля по документу 3;Код места работы;Наименование предприятия;Должность;Табельный номер;Зачислять оплату из зарплаты;Контактный телефон;E-mail;Код регистрации плательщика;ФИО плательщика;Код типа плательщика;Наименование типа плательщика;Доля плательщика;ФИО участника совместной собственности;Доля плательщика в ЛС для ЖКУ;Является плательщиком;Является нанимателем без оплаты ЖКУ;Код степени родства;Наименование степени родства;Является членом семьи плательщика;ФИО родителя;Код родителя;Код социальной категории граждан;Социальная категория граждан;Является льготником;Кол-во льготников;Незанятые в экономике;Незанятые, выехавшие за пределы РБ;Способ перехода прав (код);Способ перехода прав;Дата начала открытия наследства;Дата окончания открытия наследства;Дата принятия наследства;Код банка;Наименование банка (CD_BANKS);Наименование банка (PO_BANKS);Учетный номер плательщика;Расчетный счет;Кол-во проживающих по договору найма;Кол-во несовершеннолетних;Кол-во зарег. по месту пребывания;Кол-во проживающих без регистрации;Кол-во временно отсутствующих;Кол-во зарег. неблизких родственников;Кол-во зарег. близких родственников;Кол-во человек (всех);Кол-во плательщиков;Кол-во домашних питомцев;Адрес ЛС запросом (Адрес)
30.09.2026;BR2000;Бреcт ЖРЭУ г.Брест;179745;451242;183009;183009;1003;Ж Э С - 3;Ж Э С - 3;11.07.1978;22.05.2026;Отмена записи прибытия-выбытия;;;0;1;1;;22.05.2026;Х*******К;С****Й;С*******Ч;1;Мужской;06.09.1967;;1;Республика Беларусь;;;0;22.05.2026;;;;1;паспорт РБ;паспорт гражданина Республики Беларусь;А*******5;30.05.2017;Московский РОВД г. Бреста;;;3************2;;454172;Договор найма арендного жилья №21АР/П-912 от 21.05.2021;01.янв;;;;;;;;;;;;;;183009;Х*******К С****Й С*******Ч;2;Наниматель;1;;1;1;;;;1;;;;;0;0;0;;;;;;;;;;;;;0;0;0;0;0;0;0;1;0;
30.09.2026;BR2000;Бреcт ЖРЭУ г.Брест;196682;12380632;241567;241567;1008;Ж Э С - 8;Ж Э С - 8;01.11.1985;;Прибытие-выбытие;1;Регистрация по месту жительства;1;0;1;;;Н****А;С******А;В**********А;0;Женский;20.09.1950;;;;;;0;;;;;1;паспорт РБ;паспорт гражданина Республики Беларусь;А*******1;30.12.2014;Ленинский РОВД г. Бреста;;;7************4;;470136;Договор найма арендного жилья №173;01.янв;;;;;;;;;;;;;;241567;Н****А С******А В**********А;2;Наниматель;1;;1;1;;;;1;;;;;0;0;;;;;;;;;;;;;;0;0;0;0;0;2;2;1;0;
30.09.2026;BR2000;Бреcт ЖРЭУ г.Брест;178334;421047;181846;181846;1003;Ж Э С - 3;Ж Э С - 3;04.04.1969;23.07.2026;Отмена записи прибытия-выбытия;;;0;1;0;;23.07.2026;С*****С;А******А;П******А;0;Женский;16.11.1941;;;;;;0;23.07.2026;;;;1;паспорт РБ;паспорт гражданина Республики Беларусь;А*******8;31.03.2004;Московский РОВД г. Бреста;;;4************0;;155183;Свидетельство о государственной регистрации;01.янв;;;;;;;;;;;;;;181846;С*****С А******А П******А;1;Собственник;1;;1;1;;;;1;;;;;0;0;;;1;Принятие наследства;23.07.2026;23.02.2027;23.02.2027;;;;;;;0;0;0;0;0;0;0;1;0;
30.09.2026;BR2000;Бреcт ЖРЭУ г.Брест;178602;430782;181481;181481;1003;Ж Э С - 3;Ж Э С - 3;09.10.1979;;Прибытие-выбытие;1;Регистрация по месту жительства;1;0;0;;;Ш*****А;Л***Я;А*******А;0;Женский;27.11.1952;;1;Республика Беларусь;;;0;;;;;1;паспорт РБ;паспорт гражданина Республики Беларусь;А*******5;05.10.2016;Московский РОВД г. Бреста;;;4************2;;38878;Свидетельство о государственной регистрации №100/503-6989 от 08.06.2012;01.янв;;;;;;;;;;;;;;181481;Ш*****А Л***Я А*******А;1;Собственник;1;;1;1;;;;1;;;;;0;0;;;;;;;;;;;;;;0;0;0;0;0;3;3;1;0;
30.09.2026;BR2000;Бреcт ЖРЭУ г.Брест;200266;10211014;242466;242466;1008;Ж Э С - 8;Ж Э С - 8;29.11.1989;;Прибытие-выбытие;1;Регистрация по месту жительства;1;0;0;;;К****А;Н*****Я;Ф*******А;0;Женский;20.04.1967;;;;;;0;;;;;1;паспорт РБ;паспорт гражданина Республики Беларусь;А*******4;26.06.2013;Ленинский РОВД г. Бреста;;;4************5;;56306;Свидетельство о государственной регистрации №100/1384-6308;01.янв;;;;;;;;;;;;;;242466;К****А Н*****Я Ф*******А;1;Собственник;1;;1;1;;;;1;;;;;0;0;;;;;;;;;;;;;;0;0;0;0;0;3;3;1;0;
30.09.2026;BR2000;Бреcт ЖРЭУ г.Брест;213557;6551633;271823;271823;1010;Ж Э С -10;Ж Э С -10;19.08.1990;;Прибытие-выбытие;1;Регистрация по месту жительства;1;0;0;;;О*******В;А*******Р;С*******Ч;1;Мужской;19.08.1990;;;;;;0;;;;;1;паспорт РБ;паспорт гражданина Республики Беларусь;А*******8;08.09.2006;Московский РОВД г. Бреста;;;3************1;;205668;Свидетельство о государственной регистрации;01.янв;;;;;;;;;;;;;;271823;О*******В А*******Р С*******Ч;1;Собственник;1;;1;1;;;;1;;;;;0;0;;;;;;;;;;;;;;0;0;0;0;0;1;1;1;0;
30.09.2026;BR2000;Бреcт ЖРЭУ г.Брест;180401;401038;186190;186190;1003;Ж Э С - 3;Ж Э С - 3;03.10.1990;;Прибытие-выбытие;1;Регистрация по месту жительства;1;0;0;;;М*****К;Ф****П;В********Ч;1;Мужской;20.10.1982;;;;;;0;;;;;1;паспорт РБ;паспорт гражданина Республики Беларусь;А*******6;24.07.2018;Московский РОВД г. Бреста;;;3************8;;157965;Свидетельство о государственной регистрации;01.янв;;;;;;;;;;;;;;186190;М*****К Ф****П В********Ч;1;Собственник;1;;1;1;;;;1;;;;;0;0;;;;;;;;;;;;;;1;0;0;0;0;3;3;1;0;
30.09.2026;BR2000;Бреcт ЖРЭУ г.Брест;216816;60550127;267902;267902;1010;Ж Э С -10;Ж Э С -10;23.10.1984;;Прибытие-выбытие;1;Регистрация по месту жительства;1;0;0;;;Ф***Н;А*******Р;И******Ч;1;Мужской;13.03.1954;;;;;;0;;;;;1;паспорт РБ;паспорт гражданина Республики Беларусь;;;;;;3************8;;63176;Свидетельство о государственной регистрации №100/395-7472 от 21.10.2010;01.янв;;;;;;;;;;;;;;267902;Ф***Н А*******Р И******Ч;1;Собственник;1;;1;1;;;;1;;;;;0;0;;;;;;;;;;;;;;0;0;0;0;0;1;1;1;0;
30.09.2026;BR2000;Бреcт ЖРЭУ г.Брест;201233;370667;248445;248445;1008;Ж Э С - 8;Ж Э С - 8;09.02.2005;;Прибытие-выбытие;1;Регистрация по месту жительства;1;0;0;;;Я*****Ч;Г****А;В********А;0;Женский;16.12.1972;;;;;;0;;;;;1;паспорт РБ;паспорт гражданина Республики Беларусь;А*******4;14.11.2012;Ленинским РОВД г. Бреста;;;4************1;;192961;Свидетельство о государственной регистрации;01.янв;;;;;;;;;;;;;;248445;Я*****Ч Г****А В********А;1;Собственник;1;;1;1;;;;1;;;;;0;0;;;;;;;;;;;;;;0;0;0;0;0;2;2;1;0;
30.09.2026;BR2000;Бреcт ЖРЭУ г.Брест;175880;3530307;182711;182711;1003;Ж Э С - 3;Ж Э С - 3;13.02.1976;;Прибытие-выбытие;1;Регистрация по месту жительства;1;0;0;;;С****О;В*****Й;М********Ч;1;Мужской;16.03.1948;;;;;;0;;;;;1;паспорт РБ;паспорт гражданина Республики Беларусь;А*******0;30.11.1998;Московский РОВД г. Бреста;;;3************4;;458770;Свидетельство о государственной регистрации №100/1904-1492 от 21.09.2021;01.янв;;;;;;;;;;;;;;182711;С****О В*****Й М********Ч;1;Собственник;1;;1;1;;;;1;;;;;0;0;;;;;;;;;;;;;;0;0;0;0;0;1;1;1;0;
30.09.2026;BR2000;Бреcт ЖРЭУ г.Брест;206077;6390296;878636;765161;1010;Ж Э С -10;Ж Э С -10;11.09.2018;;Прибытие-выбытие;1;Регистрация по месту жительства;1;0;0;11.09.2018;;Л***Н;ЯН;В********Ч;1;Мужской;07.07.1995;;;;;;0;;;;;1;паспорт РБ;паспорт гражданина Республики Беларусь;А*******0;26.09.2011;Московский РОВД г. Бреста;;;3************1;;450161;Свидетельство о государственной регистрации №100/1690-6000 от 24.08.2020;01.янв;;;;;;;;;;;;;;765161;Л***Н ЯН В********Ч;1;Собственник;1;;1;1;;;;1;;;;;0;0;1;;;;;;;;;;;;;0;0;0;0;0;1;1;1;0;
30.09.2026;BR2000;Бреcт ЖРЭУ г.Брест;367826;50498;975390;887460;1001;Ж Э С - 1;Ж Э С - 1;03.02.2026;;Прибытие-выбытие;1;Регистрация по месту жительства;1;0;0;03.02.2026;;К******К;И***А;Л********А;0;Женский;05.08.1959;;2;Российская Федерация;;;0;;;;;31;биометрический вид на жительство в РБ иностранного гражданина;биометрический вид на жительство в Республике Беларусь иностранного гражданина;I*******1;26.01.2026;Ленинским РОВД г.Бреста;113;;7************0;;505694;Свидетельство о государственной регистрации №100/1384-16779;01.янв;;;;;;;;;;;;;k*****11@mail.ru;887460;К******К И***А Л********А;1;Собственник;1;;1;1;;;;1;;;;;1;1;;;;;;;;;;;;;;0;0;0;0;0;2;2;1;0;
30.09.2026;BR2000;Бреcт ЖРЭУ г.Брест;180100;3270366;972399;883835;1003;Ж Э С - 3;Ж Э С - 3;05.06.2024;;Прибытие-выбытие;1;Регистрация по месту жительства;1;0;0;05.06.2024;;П*****К;Н*****Я;Н********А;0;Женский;14.11.1980;;;;;;0;;;;;1;паспорт РБ;паспорт гражданина Республики Беларусь;А*******6;27.02.2025;Московским РУВД г.Бреста;117;;4************8;;501031;Свидетельство о государственной регистрации №100/237-34497;01.янв;;;;;;;;;;;;;;883835;П*****К Н*****Я Н********А;1;Собственник;1;;1;1;;;;1;;;;;0;0;;;;;;;;;;;;;;2;0;0;0;0;3;3;1;0;
30.09.2026;BR2000;Бреcт ЖРЭУ г.Брест;405133;10050415;702258;982840;1001;Ж Э С - 1;Ж Э С - 1;;;;;;0;0;0;;;Г*****В;С****Й;М********Ч;1;Мужской;21.10.1973;;;;;;0;;;;;1;паспорт РБ;паспорт гражданина Республики Беларусь;A*******8;10.01.2017;Московский РОВД г. Бреста;;;3************6;;603178;Свидетельство о государственной регистрации;01.янв;;;;;;;;;;;;;;;;1;Собственник;1;;1;1;;;;;;;;;0;0;;;;;;;;;;;;;;0;0;0;0;0;0;0;1;0;
30.09.2026;BR2000;Бреcт ЖРЭУ г.Брест;196440;12420595;236565;925730;1008;Ж Э С - 8;Ж Э С - 8;;;;;;0;0;0;;;Р*******Я;Ю**Я;А********А;0;Женский;16.11.1981;;;;;;0;;;;;1;паспорт РБ;паспорт гражданина Республики Беларусь;А*******5;21.06.2016;Ленинский РОВД г. Бреста;;;4************9;;542232;Свидетельство о государственной регистрации №100/200-24034;01.янв;;;;;;;;;;;;;;;;1;Собственник;1;;1;1;;;;;;;;;0;0;;;;;;;;;;;;;;0;0;0;0;0;0;0;1;0;
30.09.2026;BR2000;Бреcт ЖРЭУ г.Брест;176139;3531115;184691;184691;1003;Ж Э С - 3;Ж Э С - 3;10.11.2006;;Прибытие-выбытие;1;Регистрация по месту жительства;1;0;1;;;Н********А;О***А;В********А;0;Женский;08.05.1970;;;;;;0;;;;;1;паспорт РБ;паспорт гражданина Республики Беларусь;А*******2;29.09.2017;Московский РОВД г. Бреста;;;4************1;;454187;Договор найма арендного жилья №21АР/П-911 от 21.05.2021;01.янв;;;;;;;;;;;;;;184691;Н********А О***А В********А;2;Наниматель;1;;1;1;;;;1;;;;;0;0;1;;;;;;;;;;;;;0;0;0;0;0;2;2;1;0;
30.09.2026;BR2000;Бреcт ЖРЭУ г.Брест;179635;3390519;183575;183575;1003;Ж Э С - 3;Ж Э С - 3;07.06.2017;;Прибытие-выбытие;1;Регистрация по месту жительства;1;0;0;07.06.2017;;С******В;А***Н;Г********Ч;1;Мужской;28.05.1996;;1;Республика Беларусь;;;0;;;;;1;паспорт РБ;паспорт гражданина Республики Беларусь;A*******1;25.02.2022;Московское РУВД г.Бреста ;;;3************3;;39374;Свидетельство о государственной регистрации №100/736-322 от 18.12.2006;01.янв;;;;;;;;;;;;;;183575;С******В А***Н Г********Ч;1;Собственник;1;;1;1;;;;1;;;;;0;0;;;;;;;;;;;;;;0;0;0;0;1;2;3;1;0;
30.09.2026;BR2000;Бреcт ЖРЭУ г.Брест;201244;8900155;869908;754441;1008;Ж Э С - 8;Ж Э С - 8;27.03.2018;;Прибытие-выбытие;1;Регистрация по месту жительства;1;0;0;27.03.2018;;М****О;В*****Й;С*******Ч;1;Мужской;23.12.1989;;;;;;0;;;;;1;паспорт РБ;паспорт гражданина Республики Беларусь;;;;;;3************4;;130514;Свидетельство о государственной регистрации №100/1690-2673;01.янв;;;;;;;;;;;;;;754441;М****О В*****Й С*******Ч;1;Собственник;1;;1;1;;;;1;;;;;0;0;;;;;;;;;;;;;;0;0;0;0;0;1;1;1;0;
30.09.2026;BR2000;Бреcт ЖРЭУ г.Брест;405134;10050416;164019;982843;1001;Ж Э С - 1;Ж Э С - 1;01.08.2026;;Прибытие-выбытие;1;Регистрация по месту жительства;1;0;0;01.08.2026;;Н******А;С******А;Д********А;0;Женский;25.07.1980;;1;Республика Беларусь;;;0;;ПО ПАСПОРТУ КОТСИРИ;;;1;паспорт РБ;паспорт гражданина Республики Беларусь;А*******1;27.08.2025;Ленинский РОВД г.Бреста;;;4************5;;603184;Свидетельство о государственной регистрации;01.янв;;;;;;;;;;;;;;982843;Н******А С******А Д********А;1;Собственник;1;;1;1;;;;1;;;;;0;0;1;;;;;;;;;;;;;1;0;0;0;0;3;3;1;0;
30.09.2026;BR2000;Бреcт ЖРЭУ г.Брест;201233;370667;248446;248446;1008;Ж Э С - 8;Ж Э С - 8;09.02.2005;26.10.2018;Отмена записи прибытия-выбытия;;;0;1;0;;26.10.2018;Я*****Ч;Н*****Я;Н********А;0;Женский;15.01.1992;;;;;;0;;;;;1;паспорт РБ;паспорт гражданина Республики Беларусь;А*******4;11.03.2008;Ленинский РОВД г. Бреста;;;4************8;;;;;;;;;;;;;;;;;;248445;Я*****Ч Г****А В********А;;;;;;;;6;дочь;1;;;;;0;;;;;;;;;;;;;;;;;;;;;;1;0;
30.09.2026;BR2000;Бреcт ЖРЭУ г.Брест;201233;370667;500101;331664;1008;Ж Э С - 8;Ж Э С - 8;12.10.2016;26.10.2018;Отмена записи прибытия-выбытия;;;0;1;0;12.10.2016;26.10.2018;З*****К;В*****А;М********А;0;Женский;11.08.2016;;1;Республика Беларусь;;;0;;;;;5;свидетельство о рождении РБ;cвидетельство о рождении – для граждан Республики Беларусь, не достигших четырнадцатилетнего возраста и не имеющих паспортов граждан Республики Беларусь;;;;;;7************5;;;;;;;;;;;;;;;;;;;;;;;;;;;12;внучка;0;;;;;0;;;;;;;;;;;;;;;;;;;;;;1;0;
30.09.2026;BR2000;Бреcт ЖРЭУ г.Брест;201233;370667;248447;248447;1008;Ж Э С - 8;Ж Э С - 8;09.02.2005;;Прибытие-выбытие;1;Регистрация по месту жительства;1;0;0;;;Я*****Ч;Н*****Й;В********Ч;1;Мужской;12.08.1970;;;;;;0;;;;;1;паспорт РБ;паспорт гражданина Республики Беларусь;А*******3;11.12.2014;Московским РОВД г. Бреста;;;3************1;;;;;;;;;;;;;;;;;;248445;Я*****Ч Г****А В********А;;;;;;0;;1;супруг;1;;;;;0;0;;;;;;;;;;;;;;0;0;0;0;0;2;2;1;0;
30.09.2026;BR2000;Бреcт ЖРЭУ г.Брест;175880;3530307;182713;182713;1003;Ж Э С - 3;Ж Э С - 3;09.06.1976;04.03.2021;Отмена записи прибытия-выбытия;;;0;1;0;;04.03.2021;С****О;Н*****А;А*******А;0;Женский;15.05.1950;;;;;;0;04.03.2021;;;;1;паспорт РБ;паспорт гражданина Республики Беларусь;А*******6;12.10.1999;Московский РОВД г. Бреста;;;4************2;;;;;;;;;;;;;;;;;;182713;С****О Н*****А А*******А;;;;;;0;;;;1;;;;;0;0;;;;;;;;;;;;;;0;0;0;0;0;1;1;1;0;
30.09.2026;BR2000;Бреcт ЖРЭУ г.Брест;175880;3530307;182712;182712;1003;Ж Э С - 3;Ж Э С - 3;19.01.1996;01.09.2021;Отмена записи прибытия-выбытия;;;0;1;0;;01.09.2021;С****О;Г******Й;В********Ч;1;Мужской;17.08.1975;;;;;;0;;;;;1;паспорт РБ;паспорт гражданина Республики Беларусь;А*******6;16.03.2023;Московским РУВД г.Бреста;117;;3************9;;;;;;;;;;;;;;;;;;;;;;;;;;;;;0;;;;;0;;;;;;;;;;;;;;;;;;;;;;1;0;
30.09.2026;BR2000;Бреcт ЖРЭУ г.Брест;196682;12380632;241564;241564;1008;Ж Э С - 8;Ж Э С - 8;01.11.1985;06.03.2020;Отмена записи прибытия-выбытия;;;0;1;1;;06.03.2020;Н****А;В******В;И******Ч;1;Мужской;06.02.1979;;;;;;0;;;;;1;паспорт РБ;паспорт гражданина Республики Беларусь;А*******8;06.07.2005;Ленинский РОВД г. Бреста;;;3************7;;;;;;;;;;;;;;;;;;241567;Н****А С******А В**********А;;;;;;;;5;сын;0;;;;;0;;;;;;;;;;;;;;;;;;;;;;1;0;
30.09.2026;BR2000;Бреcт ЖРЭУ г.Брест;196682;12380632;241566;241566;1008;Ж Э С - 8;Ж Э С - 8;28.06.2014;03.04.2020;Отмена записи прибытия-выбытия;;;0;1;1;;03.04.2020;Н****А;М****М;А*******Ч;1;Мужской;01.09.1994;;;;;;0;;;;;1;паспорт РБ;паспорт гражданина Республики Беларусь;А*******1;12.06.2014;Ленинский РОВД г. Бреста;;;3************7;;;;;;;;;;;;;;;;;;241567;Н****А С******А В**********А;;;;;;;;11;внук;0;;;;;0;;1;;;;;;;;;;;;;;;;;;;;1;0;
30.09.2026;BR2000;Бреcт ЖРЭУ г.Брест;196682;12380632;241565;241565;1008;Ж Э С - 8;Ж Э С - 8;01.11.1985;;Прибытие-выбытие;1;Регистрация по месту жительства;1;0;1;;;Н****А;И**А;И******А;0;Женский;23.06.1976;;;;;;0;;;;;1;паспорт РБ;паспорт гражданина Республики Беларусь;А*******5;29.11.2007;Ленинский РОВД г. Бреста;;;4************8;;;;;;;;;;;;;;;;;;241567;Н****А С******А В**********А;;;;;;0;;6;дочь;1;;;;;0;0;;;;;;;;;;;;;;0;0;0;0;0;2;2;1;0;
30.09.2026;BR2000;Бреcт ЖРЭУ г.Брест;180401;401038;186189;186189;1003;Ж Э С - 3;Ж Э С - 3;14.05.1977;;Прибытие-выбытие;1;Регистрация по месту жительства;1;0;0;;;М*****К;С******А;С*******А;0;Женский;13.07.1959;;;;;;0;;;;;1;паспорт РБ;паспорт гражданина Республики Беларусь;А*******6;22.12.2004;Московский РОВД г. Бреста;;;4************8;;;;;;;;;;;;;;;;;;186190;М*****К Ф****П В********Ч;;;;;;0;;3;мать;1;;;;;0;0;;;;;;;;;;;;;;1;0;0;0;0;3;3;1;0;
30.09.2026;BR2000;Бреcт ЖРЭУ г.Брест;180401;401038;490579;322055;1003;Ж Э С - 3;Ж Э С - 3;08.06.2016;;Прибытие-выбытие;1;Регистрация по месту жительства;1;0;0;08.06.2016;;М*****К;А*******Я;Ф********А;0;Женский;01.05.2016;;1;Республика Беларусь;;;0;;;;;1;паспорт РБ;паспорт гражданина Республики Беларусь;A*******4;16.07.2018;Московским РОВД г.Бреста;;;7************5;;;;;;;;;;;;;;;;;;186190;М*****К Ф****П В********Ч;;;;;;0;;6;дочь;1;;;;;0;0;;;;;;;;;;;;;;1;0;0;0;0;3;3;1;0;
30.09.2026;BR2000;Бреcт ЖРЭУ г.Брест;201244;8900155;240335;240335;1008;Ж Э С - 8;Ж Э С - 8;30.10.1992;12.07.2016;Отмена записи прибытия-выбытия;;;0;1;0;;12.07.2016;К*****О;Е*****Й;В**********Ч;1;Мужской;15.09.1939;;;;;;0;12.07.2016;;;;1;паспорт РБ;паспорт гражданина Республики Беларусь;А*******0;04.05.2000;Ленинский РОВД г. Бреста;;;3************6;;;;;;;;;;;;;;;;;;240335;К*****О Е*****Й В**********Ч;;;;;;0;;;;1;;;;;0;0;;;;;;;;;;;;;;0;0;0;0;0;1;1;1;0;
30.09.2026;BR2000;Бреcт ЖРЭУ г.Брест;201244;8900155;240334;240334;1008;Ж Э С - 8;Ж Э С - 8;30.10.1992;11.08.2017;Отмена записи прибытия-выбытия;;;0;1;0;;11.08.2017;К*****О;А**А;И******А;0;Женский;09.11.1943;;;;;;0;11.08.2017;;;;1;паспорт РБ;паспорт гражданина Республики Беларусь;А*******9;04.05.2000;Ленинский РОВД г. Бреста;;;4************0;;;;;;;;;;;;;;;;;;240334;К*****О А**А И******А;;;;;;0;;;;1;;;;;0;0;;;;;;;;;;;;;;0;0;0;0;0;1;1;1;0;
30.09.2026;BR2000;Бреcт ЖРЭУ г.Брест;179745;451242;183008;183008;1003;Ж Э С - 3;Ж Э С - 3;24.06.1981;07.07.2022;Отмена записи прибытия-выбытия;;;0;1;1;;07.07.2022;Х*******К;А******Й;С*******Ч;1;Мужской;07.11.1956;;;;;;0;07.07.2022;;;;1;паспорт РБ;паспорт гражданина Республики Беларусь;А*******6;30.03.2005;Московский РОВД г. Бреста;;;3************1;;;;;;;;;;;;;;;;;;183009;Х*******К С****Й С*******Ч;;;;;;0;;13;брат;1;;;;;0;0;;;;;;;;;;;;;;0;0;0;0;0;0;0;1;0;
30.09.2026;BR2000;Бреcт ЖРЭУ г.Брест;178602;430782;181484;181484;1003;Ж Э С - 3;Ж Э С - 3;28.03.2012;25.02.2022;Отмена записи прибытия-выбытия;;;0;1;0;;25.02.2022;Ш*****А;Э****Р;Д********Ч;1;Мужской;22.02.2012;;;;;;0;;;;;1;паспорт РБ;паспорт гражданина Республики Беларусь;А*******1;24.05.2018;Московским РОВД г. Бреста;;;7************3;;;;;;;;;;;;;;;;;;181481;Ш*****А Л***Я А*******А;;;;;;;;11;внук;0;;;;;0;;;;;;;;;;;;;;;;;;;;;;1;0;
30.09.2026;BR2000;Бреcт ЖРЭУ г.Брест;178602;430782;181480;181480;1003;Ж Э С - 3;Ж Э С - 3;20.09.1988;;Прибытие-выбытие;1;Регистрация по месту жительства;1;0;0;;;Ш*****А;Д*****Й;В********Ч;1;Мужской;21.08.1988;;;;;;0;;;;;1;паспорт РБ;паспорт гражданина Республики Беларусь;А*******9;24.03.2023;Московским РУВД г.Бреста;117;;3************8;;;;;;;;;;;;;;;;;;181481;Ш*****А Л***Я А*******А;;;;;;0;;5;сын;1;;;;;0;0;;;;;;;;;;;;;;0;0;0;0;0;3;3;1;0;
30.09.2026;BR2000;Бреcт ЖРЭУ г.Брест;178602;430782;181483;181483;1003;Ж Э С - 3;Ж Э С - 3;14.12.2007;;Прибытие-выбытие;1;Регистрация по месту жительства;1;0;0;;;Ш*****А;Р****А;Д********А;0;Женский;29.11.2007;;;;;;0;;;;;1;паспорт РБ;паспорт гражданина Республики Беларусь;А*******2;04.05.2022;Московское РУВД г.Бреста ;;;6************3;;;;;;;;;;;;;;;;;;181481;Ш*****А Л***Я А*******А;;;;;;0;;12;внучка;1;;;;;0;0;;;;;;;;;;;;;;0;0;0;0;0;3;3;1;0;
30.09.2026;BR2000;Бреcт ЖРЭУ г.Брест;178602;430782;181478;181478;1003;Ж Э С - 3;Ж Э С - 3;10.04.2003;25.02.2022;Отмена записи прибытия-выбытия;;;0;1;0;;25.02.2022;Ш*****А;А**А;В********А;0;Женский;09.12.1972;;;;;;0;;;;;1;паспорт РБ;паспорт гражданина Республики Беларусь;А*******2;24.05.2018;Московский РОВД г. Бреста;;;4************5;;;;;;;;;;;;;;;;;;181481;Ш*****А Л***Я А*******А;;;;;;;;6;дочь;1;;;;;0;;;;;;;;;;;;;;;;;;;;;;1;0;
30.09.2026;BR2000;Бреcт ЖРЭУ г.Брест;196440;12420595;903829;796875;1008;Ж Э С - 8;Ж Э С - 8;01.01.2020;11.04.2020;Отмена записи прибытия-выбытия;;;0;1;0;01.01.2020;11.04.2020;К********Й;А****Й;Н********Ч;1;Мужской;19.03.1996;;;;;;0;;;;;1;паспорт РБ;паспорт гражданина Республики Беларусь;;;;;;;;;;;;;;;;;;;;;;;;796875;К********Й А****Й Н********Ч;;;;;;;;;;0;;;;;0;;;;;;;;;;;;;;;;;;;;;;1;0;
30.09.2026;BR2000;Бреcт ЖРЭУ г.Брест;196440;12420595;237872;237872;1008;Ж Э С - 8;Ж Э С - 8;17.12.2008;02.05.2025;Отмена записи прибытия-выбытия;;;0;1;0;;02.05.2025;С****К;С******А;Г*********А;0;Женский;24.11.1955;;1;Республика Беларусь;;;0;;;;;1;паспорт РБ;паспорт гражданина Республики Беларусь;А*******2;17.01.2017;Ленинский РОВД г. Бреста;;;4************5;;;;;;;;;;;;;;;;;;237872;С****К С******А Г*********А;;;;;;;;;;1;;;;;0;;;;;;;;;;;;;;;;;;;;;;1;0;
30.09.2026;BR2000;Бреcт ЖРЭУ г.Брест;222142;5430447;295464;295464;1012;Ж Э С -12;Ж Э С -12;26.08.1987;13.10.2018;Отмена записи прибытия-выбытия;;;0;1;0;;13.10.2018;Т********Й;В****Р;М********Ч;1;Мужской;19.06.1949;;;;;;0;13.10.2018;;;;1;паспорт РБ;паспорт гражданина Республики Беларусь;А*******3;26.08.2004;Маскоўск? РАУС г. Брэста;;;3************8;;;;;;;;;;;;;;;;;;295464;Т********Й В****Р М********Ч;;;;;;0;;;;1;;;;;0;1;;;;;;;;;;;;;;0;0;0;0;1;0;1;0;0;
30.09.2026;BR2000;Бреcт ЖРЭУ г.Брест;222142;5430447;295463;295463;1012;Ж Э С -12;Ж Э С -12;26.08.1987;;Прибытие-выбытие;1;Регистрация по месту жительства;1;0;0;;;Т********Я;Е*******А;И******А;0;Женский;18.07.1949;;;;;;0;;;;;1;паспорт РБ;паспорт гражданина Республики Беларусь;А*******4;21.04.1999;Маскоўск? РАУС г. Брэста;;;4************9;;;;;;;;;;;;;;;;;;;;;;;;;0;;2;супруга;0;;;;;1;1;;;;;;;;;;;;;;0;0;0;0;1;0;1;0;0;
30.09.2026;BR2000;Бреcт ЖРЭУ г.Брест;405134;10050416;164017;982852;1001;Ж Э С - 1;Ж Э С - 1;01.08.2026;;Прибытие-выбытие;1;Регистрация по месту жительства;1;0;0;01.08.2026;;К******С;Д*******С;;1;Мужской;15.06.2007;;1;Республика Беларусь;;;0;;;;;1;паспорт РБ;паспорт гражданина Республики Беларусь;А*******0;25.10.2023;Ленинский РОВД г.Бреста;;;5************8;;;;;;;;;;;;;;;;;;982843;Н******А С******А Д********А;;;;;;0;;5;сын;1;;;;;0;0;1;;;;;;;;;;;;;1;0;0;0;0;3;3;1;0;
30.09.2026;BR2000;Бреcт ЖРЭУ г.Брест;405134;10050416;164018;982848;1001;Ж Э С - 1;Ж Э С - 1;01.08.2026;;Прибытие-выбытие;1;Регистрация по месту жительства;1;0;0;01.08.2026;;К******С;И***С;;1;Мужской;11.12.2009;;1;Республика Беларусь;;;0;;;;;1;паспорт РБ;паспорт гражданина Республики Беларусь;А*******1;25.10.2023;Ленинский РОВД г.Бреста;;;5************3;;;;;;;;;;;;;;;;;;982843;Н******А С******А Д********А;;;;;;0;;5;сын;1;;;;;0;0;;;;;;;;;;;;;;1;0;0;0;0;3;3;1;0;
30.09.2026;BR2000;Бреcт ЖРЭУ г.Брест;180100;3270366;972687;884247;1003;Ж Э С - 3;Ж Э С - 3;05.06.2024;;Прибытие-выбытие;1;Регистрация по месту жительства;1;0;0;05.06.2024;;М******К;Е*******А;В********А;0;Женский;06.12.2010;;;;;;0;;;;;1;паспорт РБ;паспорт гражданина Республики Беларусь;А*******4;18.07.2025;Московским РУВД г.Бреста;117;;7************9;;;;;;;;;;;;;;;;;;883835;П*****К Н*****Я Н********А;;;;;;0;;6;дочь;1;;;;;0;0;;;;;;;;;;;;;;2;0;0;0;0;3;3;1;0;
30.09.2026;BR2000;Бреcт ЖРЭУ г.Брест;180100;3270366;183648;183648;1003;Ж Э С - 3;Ж Э С - 3;16.02.1972;28.10.2018;Отмена записи прибытия-выбытия;;;0;1;0;;28.10.2018;Ц******А;А**А;Ф*******А;0;Женский;04.01.1943;;;;;;0;28.10.2018;;;;1;паспорт РБ;паспорт гражданина Республики Беларусь;А*******3;16.10.1997;Московский РОВД г. Бреста;;;4************8;;;;;;;;;;;;;;;;;;711159;С***Ч И***А Е********А;;;;;;0;;;;1;;;;;0;0;;;;;;;;;;;;;;2;0;0;0;0;3;3;1;0;
30.09.2026;BR2000;Бреcт ЖРЭУ г.Брест;180100;3270366;183647;183647;1003;Ж Э С - 3;Ж Э С - 3;16.02.1972;19.06.2024;Отмена записи прибытия-выбытия;;;0;1;0;;19.06.2024;Ц*****Н;Е*****Й;Е******Ч;1;Мужской;01.02.1944;;;;;;0;;;;;1;паспорт РБ;паспорт гражданина Республики Беларусь;А*******0;21.02.2001;Московский РОВД г. Бреста;;;3************1;;;;;;;;;;;;;;;;;;183647;Ц*****Н Е*****Й Е******Ч;;;;;;;;;;1;;;;;0;;;;;;;;;;;;;;;;;;;;;;1;0;
30.09.2026;BR2000;Бреcт ЖРЭУ г.Брест;180100;3270366;832752;711159;1003;Ж Э С - 3;Ж Э С - 3;;;;;;0;0;0;;;С***Ч;И***А;Е********А;0;Женский;06.11.1965;;;;;;0;;;;;1;паспорт РБ;паспорт гражданина Республики Беларусь;;;;;;4************0;;;;;;;;;;;;;;;;;;;;;;;;;;;;;;;;;;0;;;;;;;;;;;;;;;;;;;;;;1;0;
30.09.2026;BR2000;Бреcт ЖРЭУ г.Брест;180100;3270366;972688;884249;1003;Ж Э С - 3;Ж Э С - 3;05.06.2024;;Прибытие-выбытие;1;Регистрация по месту жительства;1;0;0;05.06.2024;;М******К;В*****Я;В********А;0;Женский;20.05.2014;;;;;;0;;;;;1;паспорт РБ;паспорт гражданина Республики Беларусь;А*******4;17.07.2025;Московским РУВД г.Бреста;117;;7************8;;;;;;;;;;;;;;;;;;883835;П*****К Н*****Я Н********А;;;;;;0;;6;дочь;1;;;;;0;0;;;;;;;;;;;;;;2;0;0;0;0;3;3;1;0;
30.09.2026;BR2000;Бреcт ЖРЭУ г.Брест;206077;6390296;259140;259140;1010;Ж Э С -10;Ж Э С -10;;;;;;0;0;0;;;М******А;Т****А;В********А;0;Женский;23.06.1925;;;;;;0;;;;;1;паспорт РБ;паспорт гражданина Республики Беларусь;А*******2;15.01.2004;Московский РОВД г. Бреста;;;4************7;;;;;;;;;;;;;;;;;;;;;;;;;;;;;;;;;;0;;;;;;;;;;;;;;;;;;;;;;1;0;
30.09.2026;BR2000;Бреcт ЖРЭУ г.Брест;206077;6390296;879618;766366;1010;Ж Э С -10;Ж Э С -10;;;;;;0;0;0;;;Л****А;Г****А;Н********А;;-;;;;;;;0;;;;;1;паспорт РБ;паспорт гражданина Республики Беларусь;;;;;;;;;;;;;;;;;;;;;;;;;;;;;;;;;;;;;;;;0;;;;;;;;;;;;;;;;;;;;;;1;0;
30.09.2026;BR2000;Бреcт ЖРЭУ г.Брест;367826;50498;920435;865158;1001;Ж Э С - 1;Ж Э С - 1;01.09.2023;06.09.2023;;;;0;1;0;01.09.2023;06.09.2023;С********О;Ю**Й;Г*********Ч;1;Мужской;23.07.1981;;1;Республика Беларусь;;;0;;;;;1;паспорт РБ;паспорт гражданина Республики Беларусь;A*******3;22.02.2018;Ленинским РОВД г.Бреста;113;;3************4;;;;;;;;;;;;;;;;;;;;;;;;;;;80;без родственных отношений;0;;;;;0;;;;;;;;;;;;;;;;;;;;;;1;0;
30.09.2026;BR2000;Бреcт ЖРЭУ г.Брест;367826;50498;958292;865157;1001;Ж Э С - 1;Ж Э С - 1;15.09.2023;02.07.2024;Отмена записи прибытия-выбытия;;;0;1;0;15.09.2023;02.07.2024;Р*********Й;В*****Й;Н********Ч;1;Мужской;11.09.1989;;1;Республика Беларусь;;;0;;;;;1;паспорт РБ;паспорт гражданина Республики Беларусь;A*******9;28.11.2018;Московским РОВД г.Бреста;;;3************5;;;;;;;;;;;;;;;;;;865157;Р*********Й В*****Й Н********Ч;;;;;;;;;;1;;;;;0;;;;;;;;;;;;;;;;;;;;;;1;0;
30.09.2026;BR2000;Бреcт ЖРЭУ г.Брест;367826;50498;166755;865153;1001;Ж Э С - 1;Ж Э С - 1;21.01.1998;10.03.2022;Отмена записи прибытия-выбытия;;;0;1;0;;10.03.2022;С********О;И***Ь;Г********Ч;1;Мужской;01.01.1967;;;;;;0;;;;;1;паспорт РБ;паспорт гражданина Республики Беларусь;А*******4;16.01.2012;Ленинский РОВД г.Бреста;;;3************5;;;;;;;;;;;;;;;;;;865153;С********О И***Ь Г********Ч;;;;;;;;;;1;;;;;0;;;;;;;;;;;;;;;;;;;;;;1;0;
30.09.2026;BR2000;Бреcт ЖРЭУ г.Брест;367826;50498;1022000;957742;1001;Ж Э С - 1;Ж Э С - 1;03.02.2026;;Прибытие-выбытие;1;Регистрация по месту жительства;1;0;0;03.02.2026;;К******К;Ю**Й;А***********Ч;1;Мужской;06.03.1961;;2;Российская Федерация;;;0;;;;;31;биометрический вид на жительство в РБ иностранного гражданина;биометрический вид на жительство в Республике Беларусь иностранного гражданина;I*******7;26.01.2026;Ленинским РОВД г.Бреста;113;;7************7;;;;;;;;;;;;;;;;;;887460;К******К И***А Л********А;;;;;;0;;1;супруг;1;;;;;0;1;;;;;;;;;;;;;;0;0;0;0;0;2;2;1;0;
30.09.2026;BR2000;Бреcт ЖРЭУ г.Брест;367826;50498;166754;865152;1001;Ж Э С - 1;Ж Э С - 1;27.11.1973;09.04.2020;Отмена записи прибытия-выбытия;;;0;1;0;;09.04.2020;С********О;Е*****Я;Л********А;0;Женский;15.10.1937;;;;;;0;09.04.2020;"УМЕРЛА 09.04.2020
А/З № 970 ОТ 09.04.2020";;;1;паспорт РБ;паспорт гражданина Республики Беларусь;А*******7;11.06.1999;Ленинский РОВД г.Бреста;;;4************9;;;;;;;;;;;;;;;;;;865152;С********О Е*****Я Л********А;;;;;;0;;;;1;;;;;0;1;;;;;;;;;;;;;;0;0;0;0;0;2;2;1;0;
30.09.2026;BR2000;Бреcт ЖРЭУ г.Брест;176139;3531115;184689;184689;1003;Ж Э С - 3;Ж Э С - 3;10.11.2006;16.04.2026;Отмена записи прибытия-выбытия;;;0;1;1;;16.04.2026;Н*******В;В******В;В********Ч;1;Мужской;25.01.1994;;;;;;0;;;;;1;паспорт РБ;паспорт гражданина Республики Беларусь;А*******8;05.03.2019;Московский РОВД г. Бреста;;;3************3;;;;;;;;;;;;;;;;;;184691;Н********А О***А В********А;;;;;;;;5;сын;1;;;;;0;;;;;;;;;;;;;;;;;;;;;;1;0;
30.09.2026;BR2000;Бреcт ЖРЭУ г.Брест;176139;3531115;184690;184690;1003;Ж Э С - 3;Ж Э С - 3;10.11.2006;;Прибытие-выбытие;1;Регистрация по месту жительства;1;0;1;;;Н*******В;Д*****Й;В********Ч;1;Мужской;21.12.2000;;;;;;0;;НЕ ПАСПОРТИЗИРОВАЛСЯ;;;1;паспорт РБ;паспорт гражданина Республики Беларусь;A*******7;11.10.2018;Московским РОВД г.Бреста;;;7************0;;;;;;;;;;;;;;;;;;184691;Н********А О***А В********А;;;;;;0;;5;сын;1;;;;;0;0;0;;;;;;;;;;;;;0;0;0;0;0;2;2;1;0;
30.09.2026;BR2000;Бреcт ЖРЭУ г.Брест;176139;3531115;880582;767654;1003;Ж Э С - 3;Ж Э С - 3;19.10.2018;05.03.2021;Отмена записи прибытия-выбытия;;;0;1;1;19.10.2018;05.03.2021;Н*******В;М***Н;В**********Ч;1;Мужской;07.10.2018;;1;Республика Беларусь;;;0;;;;;5;свидетельство о рождении РБ;cвидетельство о рождении – для граждан Республики Беларусь, не достигших четырнадцатилетнего возраста и не имеющих паспортов граждан Республики Беларусь;;;;;;7************5;;;;;;;;;;;;;;;;;;184691;Н********А О***А В********А;;;;;;;;11;внук;0;;;;;0;;;;;;;;;;;;;;;;;;;;;;1;0;
30.09.2026;BR2000;Бреcт ЖРЭУ г.Брест;176139;3531115;911809;806426;1003;Ж Э С - 3;Ж Э С - 3;29.07.2020;20.03.2021;Отмена записи прибытия-выбытия;;;0;1;1;29.07.2020;20.03.2021;Н********А;С***Я;В**********А;0;Женский;06.02.2015;;;;;;0;;;;;5;свидетельство о рождении РБ;cвидетельство о рождении – для граждан Республики Беларусь, не достигших четырнадцатилетнего возраста и не имеющих паспортов граждан Республики Беларусь;;;;;;7************2;;;;;;;;;;;;;;;;;;184691;Н********А О***А В********А;;;;;;;;12;внучка;0;;;;;0;;;;;;;;;;;;;;;;;;;;;;1;0;
30.09.2026;BR2000;Бреcт ЖРЭУ г.Брест;179635;3390519;183578;183578;1003;Ж Э С - 3;Ж Э С - 3;01.03.2000;;Прибытие-выбытие;1;Регистрация по месту жительства;1;0;0;;;С*******А;Н**А;И********А;0;Женский;16.06.1960;;;;;;0;;;;;1;паспорт РБ;паспорт гражданина Республики Беларусь;А*******3;10.05.2023;Московским РУВД г.Бреста;117;;4************1;;;;;;;;;;;;;;;;;;183575;С******В А***Н Г********Ч;;;;;;0;;3;мать;1;;;;;0;0;;;;;;;;;;;;;;0;0;0;0;1;2;3;1;0;
30.09.2026;BR2000;Бреcт ЖРЭУ г.Брест;179635;3390519;728406;607243;1003;Ж Э С - 3;Ж Э С - 3;07.06.2017;;Прибытие-выбытие;1;Регистрация по месту жительства;1;0;0;07.06.2017;;С*******А;А*******Я;Г********А;0;Женский;15.07.1998;;1;Республика Беларусь;;;0;;;;;1;паспорт РБ;паспорт гражданина Республики Беларусь;A*******5;01.07.2024;Московским РУВД г.Бреста;117;;4************8;;;;;;;;;;;;;;;;;;183575;С******В А***Н Г********Ч;;;;;;0;;14;сестра;0;;;;;0;0;;;;;;;;;;;;;;0;0;0;0;1;2;3;1;0;
30.09.2026;BR2000;Бреcт ЖРЭУ г.Брест;200266;10211014;242465;242465;1008;Ж Э С - 8;Ж Э С - 8;22.12.1997;;Прибытие-выбытие;1;Регистрация по месту жительства;1;0;0;;;К****А;К****Л;В**********Ч;1;Мужской;22.12.1997;;;;;;0;;;;;1;паспорт РБ;паспорт гражданина Республики Беларусь;А*******2;02.12.2013;Ленинский РОВД г. Бреста;;;7************7;;;;;;;;;;;;;;;;;;242466;К****А Н*****Я Ф*******А;;;;;;0;;5;сын;1;;;;;0;0;1;;;;;;;;;;;;;0;0;0;0;0;3;3;1;0;
30.09.2026;BR2000;Бреcт ЖРЭУ г.Брест;200266;10211014;242464;242464;1008;Ж Э С - 8;Ж Э С - 8;29.11.1989;;Прибытие-выбытие;1;Регистрация по месту жительства;1;0;0;;;К****А;В******Р;В**********Ч;1;Мужской;08.08.1988;;;;;;0;;;;;1;паспорт РБ;паспорт гражданина Республики Беларусь;А*******2;31.07.2013;Ленинский РОВД г. Бреста;;;3************0;;;;;;;;;;;;;;;;;;242466;К****А Н*****Я Ф*******А;;;;;;0;;5;сын;1;;;;;0;0;1;;;;;;;;;;;;;0;0;0;0;0;3;3;1;0;
30.09.2026;BR2000;Бреcт ЖРЭУ г.Брест;200266;10211014;242463;242463;1008;Ж Э С - 8;Ж Э С - 8;;;;;;0;0;0;;;К****А;В******Р;В**********Ч;1;Мужской;17.09.1965;;;;;;0;;;;;1;паспорт РБ;паспорт гражданина Республики Беларусь;А***4;09.08.2010;Ленинский РОВД г. Бреста;;;3************6;;;;;;;;;;;;;;;;;;;;;;;;;;;;;;;;;;0;;;;;;;;;;;;;;;;;;;;;;1;0;
